"title","url","category","source_type","affiliation_perspective","language","geo_granularity","update_frequency","access","machine_readable","primary_platform","handle_or_feed","reliability_notes","description","last_checked"
"ACLED Ukraine Conflict Monitor","https://acleddata.com/monitor/ukraine-conflict-monitor","Interactive Map","Think Tank/NGO","International/Neutral","English","Point-geolocated incidents","Weekly","Free w/ registration","Documented REST API returning JSON/CSV event records with latitude/longitude and geo-precision codes. NOTE the legacy host api.acleddata.com is DEAD (does not resolve, verified 2026-08-19) - use OAuth against acleddata.com/api/acled/read, or the key-free HDX mirror.","Website","https://acleddata.com/data/ ; X @ACLEDINFO","Academically coded event data with an explicit geo_precision field, but coordinates are frequently snapped to the nearest named settlement and releases come out weekly, so it is not a live tracker.","Curated event dataset and dashboard of battles, shelling, drone/missile strikes and control changes in Ukraine, each geocoded with a stated precision level. The most citable structured event feed for statistical work on where fighting is concentrated.","2026-08-19"
"armedconflicts.org Russia-Ukraine War Map","https://armedconflicts.org/maps/russia-ukraine-war-map.html","Interactive Map","Media","International/Neutral","English, Czech","Settlement-level polygons","Daily","Free","None documented (embedded web map)","Website","","Aggregator that re-renders third-party control data (primarily DeepState/ISW-derived) with an editorial layer; adds no independent verification and lags its upstream sources.","A free live front-line map with settlement labels and daily change notes aimed at a general audience. Useful mainly as a lightweight, ad-free viewer of the consensus line.","2026-08-19"
"GeoConfirmed - Ukraine Verified OSINT Map","https://geoconfirmed.org/map/ukraine","Interactive Map","Volunteer Community","International/Neutral","English","Point-geolocated incidents","Real-time","Free","REST JSON/CSV, no auth. Spec at /openapi/v1.json (NOT /swagger/). GET /api/Placemark/{conflict}/geojson -> 59,359 dated Point features (2014-03-03..2026-08-19); GET /api/Map/export/{conflict}/csv -> 59,337 rows semicolon-delimited UTF-8 BOM with Date;Name;Faction;Origin;Latitude;Longitude;PlusCode;Description;Source;Geolocation;Equipment;Units;OrbatUnits;Id; GET /api/Placemark/detail/{id}; GET /api/Conflict lists 20 conflicts (Ukraine=UKR); POST /api/Placemark/filter for server-side paging.","Website","https://geoconfirmed.org/api/Map/export/Ukraine/csv (richest); https://geoconfirmed.org/api/Placemark/Ukraine/geojson; https://geoconfirmed.org/openapi/v1.json","Volunteer-verified geolocations to building precision, each row carrying a source URL plus unit/ORBAT attribution - the richest machine-readable event feed found. CAVEAT: /api/placemark/Ukraine (lowercase, no suffix) returns only the icon taxonomy, not data. Coverage is event-driven, so absence of points is not absence of fighting.","Volunteer-verified database of precisely geolocated conflict media in Ukraine, each pin carrying coordinates, date and source link. The best source for defensible point coordinates of individual strikes and clashes; the QGIS plugin gives filtered bulk access.","2026-08-19"
"Global Conflict Awareness - Ukraine Live Map","https://globalconflictawareness.com/ukraine/","Interactive Map","Commercial","International/Neutral","English and 16 more","Point-geolocated incidents","Real-time","Free","None documented","Website","","Another 2026 auto-aggregated entrant claiming a five-minute refresh across thousands of events in 17 languages; no published methodology or verification chain, and events are recycled from news feeds, so precision and de-duplication are unverified.","Multilingual live event map of missile/drone strikes, frontline incidents and deep strikes into Russia. Included for completeness as a recent entrant; verify anything it shows against GeoConfirmed or DeepState.","2026-08-19"
"International Crisis Group - Ukraine War Map: Tracking the Frontlines","https://www.crisisgroup.org/visual-explainers/ukraine-war-map-tracking-frontlines","Interactive Map","Think Tank/NGO","International/Neutral","English","Settlement-level polygons","Multiple daily","Free","None of its own (it embeds DeepState data automatically)","Website","","Explicitly a re-presentation of DeepState's live layer inside a Crisis Group frame, so it carries DeepState's Ukrainian-aligned biases while adding Crisis Group's neutral framing; auto-updates with the upstream source.","Crisis Group's zoomable visual explainer of shifting front lines, fed automatically from the DeepState project, with a full-screen mode. Convenient institutional-citable wrapper around DeepState geometry.","2026-08-19"
"Liveuamap (Ukraine)","https://liveuamap.com/","Interactive Map","Media","International/Neutral","English, Ukrainian, Russian, German, Spanish, and 10+ more","Point-geolocated incidents","Real-time","Freemium","Commercial JSON/GeoJSON API sold separately; public site is scrapeable HTML with per-region feeds","Website","https://liveuamap.com/promo/api ; X @Liveuamap","Crowd-sourced newswire pinned to coordinates; fast but pin placement is often approximate to the nearest settlement and unverified items do appear; near real-time (minutes).","Live event map that geolocates news reports, strikes, clashes and claims across Ukraine with source links per pin. Best used for 'where did this event happen' rather than for the control line itself.","2026-08-19"
"Project Mariupol / OSINT for Ukraine Map","https://map.osintforukraine.com/","Interactive Map","Volunteer Community","International/Neutral","English","Point-geolocated incidents","Irregular","Free","None documented (web map front end)","Website","https://www.osintforukraine.com/","Volunteer documentation project focused on evidencing damage and alleged war crimes in specific occupied cities; coverage is deep but narrow and updates are project-phase driven rather than continuous.","Geolocated evidence map of destruction and incidents in Mariupol and other occupied areas, each point tied to imagery. Useful for micro-geography of occupied cities rather than for the moving contact line.","2026-08-19"
"Suriyak - Russian-Ukrainian War Map (Google My Maps)","https://www.google.com/maps/d/viewer?mid=1V8NzjQkzMOhpuLhkktbiKgodOQ27X6IV","Interactive Map","Independent OSINT","International/Neutral","English","Settlement-level polygons","Multiple daily","Free","KML export via Google My Maps (?mid=... on the /maps/d/kml endpoint)","Website","https://www.google.com/maps/d/kml?mid=1V8NzjQkzMOhpuLhkktbiKgodOQ27X6IV ; Telegram @Suriyak_maps ; X @Suriyakmaps","Prolific single-analyst project covering many conflicts; frontline shapes are hand-drawn and generally credible but sometimes lean toward Russian-claimed positions, and there is no published methodology; updated within hours of major changes.","Hand-maintained Google My Maps layer of control polygons and axis-of-advance annotations for Ukraine, mirrored as image maps on Telegram and X. The Google My Maps backing means you can pull the whole layer as KML.","2026-08-19"
"Ukraine Control Map (UAControlMap)","https://www.uacontrolmap.com/","Interactive Map","Independent OSINT","International/Neutral","English","Mixed","Multiple daily","Free","None documented; a public data viewer page renders unit/position records as HTML (scrapeable)","Website","https://www.uacontrolmap.com/map-viewer/ ; X @UAControlMap","Community-maintained aggregation of frontlines, geolocated clips, unit positions and equipment losses cross-checked against both sides' claims and satellite imagery; quality varies by contributor and the viewer endpoint is intermittently broken.","Layered map combining a control line, a Suriyak overlay, custom KML imports and clickable geolocation dots that link back to original source media. Useful for tracing an individual claim to the video it came from.","2026-08-19"
"Ukraine Frontline Map (themonstar)","https://themonstar.github.io/ukraine-map/","Interactive Map","Independent OSINT","International/Neutral","English","Mixed","Daily","Free","Client-side web app that consumes DeepState, UAControlMap and ukrdailyupdate layers; hosted on GitHub Pages so the front-end source is inspectable","GitHub","X @M0nstas ; Telegram @m0nstas","Hobbyist aggregator with no independent verification: its value is the tooling, not the data, and it is only as fresh as the upstream DeepState/UAControlMap layers it pulls.","Free tactical map viewer that overlays the DeepState control layer and third-party event layers on Mapbox/OSM/ESRI/NASA basemaps, adding line-of-sight, terrain, air-defence-range and measurement tools. Useful for analysts who want frontline data plus terrain reasoning in one place.","2026-08-19"
"War Monitor (warmonit.com) Ukraine War Map","https://warmonit.com/ukraine-war-map","Interactive Map","Commercial","International/Neutral","English","Mixed","Real-time","Free","None documented; ingests ACLED and GDELT feeds upstream","Website","","2026 aggregator that machine-combines ACLED event data, GDELT news signals and third-party frontline layers with AI-generated briefings; the AI summaries are unverified and the underlying control line is not independently sourced, so treat as a convenience viewer only.","Auto-updating conflict map layering strikes, frontline events and news-derived incidents with generated intelligence briefs. Useful for discovery and for its ACLED/GDELT mashup, not for adjudicating control.","2026-08-19"
"WarSpotting (Ukraine equipment losses map)","https://ukr.warspotting.net/","Interactive Map","Volunteer Community","International/Neutral","English","Point-geolocated incidents","Daily","Free","Scrapeable HTML per-loss pages with coordinates (site is behind bot protection, so automated access is blocked without a browser-like client)","Website","","Photo/video-confirmed loss database with per-item geolocation where available; more balanced than LostArmour but incomplete, and a large 'unknown location' bucket limits mapping coverage; the site returns HTTP 403 to plain scrapers.","Catalogued and partly geolocated Russian and Ukrainian equipment losses with dated evidence, browsable on a map. Useful for corroborating that fighting occurred at a specific coordinate on a specific date.","2026-08-19"
"Wikipedia Template:Russo-Ukrainian War detailed map","https://en.wikipedia.org/wiki/Template:Russo-Ukrainian_War_detailed_map","Interactive Map","Volunteer Community","International/Neutral","English (mirrored in 40+ language editions)","Settlement-level polygons","Daily","Free","Wikipedia/Wikimedia REST and MediaWiki APIs expose the template wikitext and the underlying settlement control lists; the SVG/map file is downloadable from Commons","Website","https://en.wikipedia.org/w/api.php (action=parse on the template); see also https://en.wikipedia.org/wiki/Territorial_control_during_the_Russo-Ukrainian_war","Consensus-edited from ISW, DeepState and both sides' claims, so it is usually a reasonable middle estimate, but it is subject to edit wars and typically trails specialist maps by a day or more.","The zoomable detailed control map embedded across Wikipedia's Russo-Ukrainian War articles, with a per-settlement control legend and citations. Handy as a neutral, freely licensed baseline and for reconciling conflicting claims about a specific village.","2026-08-19"
"LostArmour Map","https://lostarmour.info/map","Interactive Map","Milblogger","Russian","Russian","Point-geolocated incidents","Multiple daily","Free","Scrapeable HTML (map markers link to per-item pages with photo evidence)","Website","Telegram https://t.me/lostarmour ; X @lostarmour","Pro-Russian equipment-loss database that only counts photo/video-confirmed items; its evidence handling is reasonably conservative but its coverage is heavily skewed toward Ukrainian losses, so it must be paired with Ukrainian/neutral trackers.","Interactive map of documented destroyed and captured vehicles with photo evidence per marker, giving coordinates for where armour was actually hit. Useful as a Russian-side geolocated incident layer and for identifying active assault corridors.","2026-08-19"
"Rybar Map (map.rybar.ru)","https://map.rybar.ru/ru/","Interactive Map","Milblogger","Russian","Russian, English, Chinese","Mixed","Multiple daily","Paid","None (subscriber web app; no export)","Website","Telegram https://t.me/rybar ; https://t.me/s/rybar for the web mirror","Well-resourced pro-Kremlin milblogger project: cartography is competent and often fast, but it systematically overstates Russian control and advances and is used for information operations; the map itself now sits behind registration plus a paid subscription.","Rybar's interactive conflict map with user-submitted events and its own frontline rendering, covering Ukraine and other theatres. Worth consulting only as the Russian-claim upper bound to bracket Ukrainian and Western estimates.","2026-08-19"
"Air Alarm Map of Ukraine (alerts.in.ua)","https://alerts.in.ua/","Interactive Map","Independent OSINT","Ukrainian","Ukrainian, English","Oblast-level","Real-time","Free API key","Documented JSON API with oblast and hromada-level alert states plus history; official Python/JS clients","Website","https://devs.alerts.in.ua/ (API docs and key request)","Mirrors official Ukrainian civil-defence alert declarations, so it is authoritative about alerts but says nothing directly about the frontline; alert granularity is oblast/raion, and a raid alert covers a whole region rather than a target.","Real-time map and API of active air-raid alerts by region and hromada across Ukraine, including artillery-threat states for frontline raions. The frontline-adjacent raion alert types are a cheap proxy for which areas are within tube-artillery range.","2026-08-19"
"DeepStateMap.Live","https://deepstatemap.live/","Interactive Map","Independent OSINT","Ukrainian","Ukrainian, English, Russian","Settlement-level polygons","Multiple daily","Free","Public JSON/GeoJSON API, no auth (verified 2026-08-19): full historical frontline time series retrievable.","Website","GET /api/history/public (index of 1732 snapshots 2022-04-03..2026-08-19, fields id/description/descriptionEn/updatedAt/datetime/createdAt); GET /api/history/last ({id,map:FeatureCollection} ~628KB); GET /api/history/{id}/geojson (any past snapshot). NOTE /api/history 401, /api/history/last/geojson 404.","Ukrainian volunteer team (DeepStateUA) with contacts inside the Ukrainian military; the most granular public control layer but Ukrainian-aligned and criticised for sometimes optimistic grey-zone rendering; typically hours behind events, occasionally a day on quiet sectors.","The de-facto reference interactive map of territorial control in Ukraine, with occupied/liberated/grey-zone polygons, dated history slider and point markers for strikes and clashes. Its undocumented GeoJSON history endpoint makes it the single best machine-readable source for 'where is the line'.","2026-08-19"
"Frontelligence Insight","https://frontelligence.substack.com/","Interactive Map","Independent OSINT","Ukrainian","English","Mixed","Weekly","Freemium","RSS for posts; geospatial products are published as annotated images, no data export","Website","X @Tatarigami_UA","Ukrainian-led analytical team whose geospatial vehicle-loss and frontline reports are detailed and well-sourced, but the perspective is pro-Ukrainian and much in-depth output sits behind a paid tier; cadence is weekly-to-irregular rather than live.","Publishes geospatial analyses such as vehicle-loss heat maps by sector and frontline assessments of specific axes. Useful for understanding why a sector is moving, and for loss geography that pure control maps omit.","2026-08-19"
"National Mine Action Platform (demine.gov.ua)","https://demine.gov.ua/en","Interactive Map","Government","Ukrainian","Ukrainian, English","Mixed","Irregular","Free","Portions published as open data on Ukraine's open-data portal; no documented public GeoJSON API for hazardous-area polygons","Website","https://demine.gov.ua/en","Official Ministry of Economy platform, so authoritative on survey and clearance status, but hazardous-area geometry is restricted/partial and reporting lags clearance work; roughly 139,000-144,000 sq km is only 'potentially contaminated', not confirmed mined.","Ukraine's official mine-action portal with maps of surveyed, hazardous and cleared land plus operator activity by region. Its deoccupied-area contamination layer is the best public indicator of where the front recently was.","2026-08-19"
"SaveEcoBot Fire Map (Ukraine, NASA FIRMS)","https://www.saveecobot.com/en/fire-maps","Interactive Map","Independent OSINT","Ukrainian","Ukrainian, English","Raw imagery/sensor data","Multiple daily","Free","Scrapeable HTML map; upstream data is the NASA FIRMS API, which is the better programmatic route","Website","https://www.saveecobot.com/en/fire-maps","Repackages NASA FIRMS detections hourly for Ukraine with wind overlays; inherits all FIRMS false-positive caveats (crop burning, wildfires) and adds no verification of its own.","Ukraine-focused rendering of NASA FIRMS thermal hotspots with wind direction and 24-hour filtering, clipped to Ukrainian oblasts. Convenient shortcut for spotting frontline heat-signature clusters without querying FIRMS directly.","2026-08-19"
"Texty.org.ua 'Under Fire' Shelling Map","https://texty.org.ua/projects/107440/pid-udarom-sho-i-koly-obstrilyuvala-rosiya/","Interactive Map","Media","Ukrainian","Ukrainian","Point-geolocated incidents","Irregular","Free","Scrapeable HTML/embedded dataset in the visualisation","Website","","Aggregated from official Ukrainian reporting rather than independent verification, so it reflects what authorities announced; coverage is retrospective and updates are project-driven, not continuous.","Filterable interactive map of where and when Russian shelling, missile and drone strikes were reported, broken down by weapon type over time. Good for mapping strike geography and intensity by region.","2026-08-19"
"Texty.org.ua Combat Operations Map","https://texty.org.ua/projects/106137/karta-bojovyh-dij-onovlyuyetsya/","Interactive Map","Media","Ukrainian","Ukrainian","Mixed","Irregular","Free","Scrapeable HTML/embedded JSON in the visualisation","Website","https://texty.org.ua/tag/karty/","Built strictly from General Staff communiques and oblast military administration statements, so it marks only officially named settlements and explicitly avoids asserting exact positions; manual updates make cadence uneven, and the team warns it must not be used for evacuation decisions.","Ukrainian data-journalism map of combat activity keyed to officially mentioned settlements, with the reporting source behind each point. Useful as an official-statement-only cross-check against OSINT-drawn frontlines.","2026-08-19"
"Black Bird Group Map","https://www.blackbirdgroup.fi/map","Interactive Map","Independent OSINT","Western","English, Finnish","Settlement-level polygons","Daily","Free","None documented","Website","X @emilkastehelmi ; https://www.blackbirdgroup.fi/articles-and-media","Finnish OSINT collective with an explicitly relativist definition of control (whoever dominates an area more) and unusually candid methodology write-ups; smaller team means fewer sectors updated per day than DeepState.","Frontline map and accompanying situation assessments from the Black Bird Group analysts, focused on operational-level dynamics and encirclement risk. Valuable as a methodologically explicit Western alternative to both ISW and Ukrainian maps.","2026-08-19"
"Brady Africk - Russian Field Fortifications in Ukraine","https://read.bradyafrick.com/p/russian-field-fortifications-in-ukraine","Interactive Map","Independent OSINT","Western","English","Point-geolocated incidents","Irregular","Free","None documented on the newsletter; the same fortification polylines are published as an ArcGIS feature layer used in ISW web maps","Website","X @bradyafr ; layer: https://services5.arcgis.com/SaBe5HMtmnbqSWlu/arcgis/rest/services/RUAF_Field_Fortifications_Polylines/FeatureServer/0","Each point links to the satellite image it was derived from, so individual features are verifiable, but the author states the map is explicitly not exhaustive and does not distinguish trenches from barriers or dragon's teeth; updated as new imagery arrives.","Interactive map of Russian trenches, barriers and prepared defensive lines in and around Ukraine, digitised from Sentinel-2, Planet, Airbus and Maxar imagery. Essential for understanding where the defensive lines behind the contact line actually run.","2026-08-19"
"Def Mon Operational Map Ukraine (ScribbleMaps)","https://www.scribblemaps.com/maps/view/Operational_Map_Ukraine/nBT8ffpeGH","Interactive Map","Independent OSINT","Western","English","Mixed","Irregular","Free","ScribbleMaps supports KML/GeoJSON export of a public map from its own UI (no documented API)","Website","X @DefMon3 ; Telegram @defmon3war","Widely respected pro-Ukrainian analyst known for careful annotation of Russian assault waves and artillery, but the author has publicly cut back time spent on the map, so freshness is inconsistent; verify the last-edited date before citing.","Detailed ScribbleMaps overlay of frontline positions, strongpoints and assault directions with a legend, used as the base for Def Mon's frontline-change threads. Good for tactical-level detail on active sectors when recently updated.","2026-08-19"
"Eyes on Russia Map (Centre for Information Resilience)","https://www.info-res.org/eyes-on-russia/maps/eyes-on-russia-map/","Interactive Map","Think Tank/NGO","Western","English","Point-geolocated incidents","Daily","Free","None public; researchers can request database access from CIR","Website","https://www.info-res.org/eyes-on-russia-maps/ ; X @cir_digital","CIR verifies each entry before publication and states its confidence, so accuracy is good, but the verification pipeline introduces days of lag and the map is event-based, not a control layer.","CIR's verified database and map of videos, photos and satellite imagery of the war, covering strikes, damage and troop movements with source links. Strong for building an auditable incident record at specific coordinates.","2026-08-19"
"ISW / CTP Interactive Map: Russia's Invasion of Ukraine","https://storymaps.arcgis.com/stories/36a7f6a6f5a9448496de641cf64bd375","Interactive Map","Think Tank/NGO","Western","English","Settlement-level polygons","Daily","Free","Public ArcGIS REST FeatureServer layers behind the story map (queryable as JSON/GeoJSON via f=geojson)","Website","https://services5.arcgis.com/SaBe5HMtmnbqSWlu/arcgis/rest/services/VIEW_RussiaCoTinUkraine_V3/FeatureServer/49/query?where=1%3D1&outFields=*&f=geojson","ISW/CTP is deliberately conservative: it maps only 'assessed' control it can corroborate, so it usually lags DeepState by days and under-reports Russian gains, but it is the most methodologically transparent Western baseline.","ISW and AEI's Critical Threats Project daily control-of-terrain map with layers for assessed Russian control, assessed advances in the past 24h, claimed Russian territory, claimed Ukrainian counteroffensives and Russian field fortifications. The underlying ArcGIS feature services are open and directly consumable.","2026-08-19"
"ISW Interactive Time-lapse: Russia's War in Ukraine","https://storymaps.arcgis.com/stories/733fe90805894bfc8562d90b106aa895","Interactive Map","Think Tank/NGO","Western","English","Settlement-level polygons","Irregular","Free","None (rendered story map; underlying layers are in the ISW ArcGIS org)","Website","","Built from ISW's own conservative assessments and refreshed roughly monthly, so it is a retrospective product, not a current-situation tool.","Animated month-by-month time-lapse of assessed control changes since February 2022. Useful for measuring rate-of-advance and for sanity-checking claims about how fast a sector actually moved.","2026-08-19"
"ISW Map Room","https://understandingwar.org/analysis/map-room/","Interactive Map","Think Tank/NGO","Western","English","Mixed","Daily","Free","Scrapeable HTML index; links out to ArcGIS story maps and static campaign-assessment maps (PNG)","Website","https://understandingwar.org/analysis/map-room/?_teams=russia-ukraine","Authoritative but conservative and slower than Ukrainian OSINT; the index page is the reliable entry point because ISW has repeatedly changed individual map URLs.","ISW's canonical hub listing every current interactive and static map product, filterable to the Russia-Ukraine portfolio. Use it to discover ISW map URLs rather than hard-coding deep links that rot.","2026-08-19"
"NOELREPORTS Live Ukraine War Map","https://noelreports.com/","Interactive Map","Independent OSINT","Western","English","Mixed","Real-time","Free","None documented yet (Leaflet front end; product still in pre-launch)","Website","X @NOELreports","Long-established pro-Ukrainian OSINT news account, but the map product itself was still labelled pre-launch/test mode as of August 2026, so layers and uptime are unproven and advance/recapture markers should be cross-checked.","A 2026 entrant: dashboard-style live map promising 12+ layers including frontline changes, verified OSINT events, thermal hotspots and air-raid alerts. Worth tracking as it matures but not yet a dependable primary source.","2026-08-19"
"NZZ Ukraine Front Line Interactive Map","https://www.nzz.ch/english/ukraine-war-interactive-map-of-the-current-front-line-ld.1688087","Interactive Map","Media","Western","English, German","Settlement-level polygons","Daily","Free","None (proprietary newsroom graphic)","Website","","High-quality newsroom cartography built on ISW/OSINT inputs with explicit caveats that no official side confirms control; editorially updated, so it can trail specialist maps by a day and is subject to the publisher's paywall metering.","Neue Zurcher Zeitung's continuously updated interactive front-line map with historical comparison views and change annotations. A good, well-annotated general-reader reference for the current line.","2026-08-19"
"Poulet Volant frontline sector maps","https://x.com/Pouletvolant3","Interactive Map","Independent OSINT","Western","French, English","Settlement-level polygons","Daily","Free","None (image maps; posts available via X/Mastodon feeds)","X/Twitter","@Pouletvolant3 ; Mastodon https://piaille.fr/@Pouletvolant3","Highly regarded for careful, conservatively drawn sector maps with explicit uncertainty caveats; output is raster images rather than data, and coverage is sector-by-sector rather than whole-front.","Daily per-sector frontline maps (Pokrovsk, Kupiansk, Kostiantynivka, etc.) with timestamped change annotations, also feeding the War Mapper Telegram channel. Useful as an independent second opinion on contested settlements.","2026-08-19"
"UA Map (map.ukrdailyupdate.com) - Andrew Perpetua","https://map.ukrdailyupdate.com/","Interactive Map","Independent OSINT","Western","English","Point-geolocated incidents","Multiple daily","Free","None documented; the operators explicitly ask users not to embed the live map to limit server load","Website","X @AndrewPerpetua and @Gaspo_sk","Run by Andrew Perpetua, whose daily geolocation of loss and strike footage is respected for volume and for separating confirmed from claimed items; it is pro-Ukrainian in framing and coverage depends on how much footage surfaces each day.","Andrew Perpetua's interactive map of daily geolocated strikes, equipment losses and frontline positions, refreshed roughly hourly with measurement and line-drawing tools. One of the best sources for intensity-by-location on a given day.","2026-08-19"
"Ukraine Invasion Interactive Web Map (ISW ArcGIS layers)","https://hub.arcgis.com/maps/1e80e92bb16a4ae08dda0ac6f7191350","Interactive Map","Think Tank/NGO","Western","English","Settlement-level polygons","Daily","Free","ArcGIS REST FeatureServer endpoints for each layer; supports f=json / f=geojson queries, attribute filters and pagination","Website","https://services5.arcgis.com/SaBe5HMtmnbqSWlu/arcgis/rest/services/ (layers include VIEW_RussiaCoTinUkraine_V3/FeatureServer/49, Assessed_Russian_Gains_in_the_Past_24_Hours_view/FeatureServer/0, RUAF_Field_Fortifications_Polylines/FeatureServer/0)","This particular web map is a third-party remix of ISW's official web map, but it points at ISW's own live public feature services, which are the actual authoritative data; layer IDs have changed historically so enumerate the service directory rather than hard-coding.","An ArcGIS web map that exposes ISW's control-of-terrain, 24-hour-gains and Russian-fortification feature layers as directly queryable REST services. This is the practical way for a developer to pull ISW frontline polygons as GeoJSON.","2026-08-19"
"War Mapper","https://warmapper.substack.com/","Interactive Map","Independent OSINT","Western","English","Settlement-level polygons","Weekly","Free","None (Substack RSS available for the posts, not the geometry)","Website","Telegram https://t.me/war_mapper ; X @War_Mapper","One of the longest-running territorial-control accounts; deliberately conservative monthly/periodic net-change accounting rather than live tracking, so it is a good cross-check on gain/loss arithmetic but never current.","Publishes periodic Ukraine control maps and square-kilometre net territorial-change statistics, co-produced with Poulet Volant. Best used to quantify how much ground actually changed hands over a month.","2026-08-19"
"awesome-osint (jivoi)","https://github.com/jivoi/awesome-osint","Meta-list/Aggregator","Volunteer Community","International/Neutral","English","N/A (tool)","Irregular","Free","Scrapeable HTML / Markdown","GitHub","","Broad OSINT tool index, not Ukraine-specific; many links rot.","Long-running curated index of OSINT tools and databases, including geolocation and mapping resources usable for frontline work.","2026-08-19"
"Awesome-OSINT-List (Astrosp)","https://github.com/Astrosp/Awesome-OSINT-List","Meta-list/Aggregator","Volunteer Community","International/Neutral","English","N/A (tool)","Irregular","Free","Scrapeable HTML / Markdown","GitHub","","General-purpose OSINT list with a War/Military Conflict section; quality varies by entry.","Curated OSINT tool collection containing a dedicated war and military-conflict category relevant to Ukraine tracking.","2026-08-19"
"OSINT War Room (Hue-Jhan)","https://github.com/Hue-Jhan/OSINT-War-Room","Meta-list/Aggregator","Volunteer Community","International/Neutral","English","Point-geolocated incidents","Real-time","Free","Open-source Python dashboard; wires GDELT, Overpass, OpenSky, AISStream, t.me/s scrapes, RSS","GitHub","github.com/Hue-Jhan/OSINT-War-Room","Hobby project, not authoritative, but its source wiring is a working reference implementation for an aggregator.","Open-source tactical dashboard that aggregates conflict OSINT feeds into one map; valuable as a blueprint for which feeds are practically ingestable and how.","2026-08-19"
"OSINT Guide: Tracking the Ukraine War (Ukraine War Analytics)","https://ukraine-war-analytics.com/osint/open-source-intelligence-ukraine-war-guide.html","Meta-list/Aggregator","Independent OSINT","Western","English","N/A (tool)","Irregular","Free","Scrapeable HTML","Website","","Introductory methodology overview; names only the best-known sources, no milbloggers.","Beginner-to-intermediate guide to Ukraine war OSINT method, naming core tools (ISW, Oryx, DeepState, Liveuamap, Copernicus, Flightradar24).","2026-08-19"
"Clash Report","https://t.me/s/ClashReport","Milblogger/Telegram","Media","International/Neutral","English, Turkish","Point-geolocated incidents","Real-time","Free","Telegram Bot API / t.me/s scrape","Telegram","@ClashReport","Turkish-run conflict-news outlet (~110K on Telegram, larger on X). Fast global war feed covering Ukraine among other conflicts; captions are often thin and location claims are inherited from source channels, with occasional mislabelled footage.","Rapid English-language conflict footage and event reporting across Ukraine and other theatres.","2026-08-19"
"Conflicts Tracker (Telegram)","https://t.me/s/ConflictsTracker","Milblogger/Telegram","Volunteer Community","International/Neutral","English","Narrative/no coordinates","Real-time","Free","t.me/s HTML scrape / Telegram Bot API","Telegram","@ConflictsTracker","Aggregates from other channels without independent verification.","English-language multi-conflict tracking channel that reposts Ukraine frontline and strike reports.","2026-08-19"
"Monitor The Situation (Telegram aggregator)","https://t.me/s/monitor_the_situation","Milblogger/Telegram","Volunteer Community","International/Neutral","English","Narrative/no coordinates","Real-time","Free","t.me/s HTML scrape / Telegram Bot API","Telegram","@monitor_the_situation","Fast global conflict aggregator with low verification standards; treat as a lead generator, not evidence.","High-volume English-language breaking-news aggregator covering Ukraine strikes and frontline claims.","2026-08-19"
"OSINT Warfare (Telegram)","https://t.me/s/OSINTWarfare","Milblogger/Telegram","Volunteer Community","International/Neutral","English","Point-geolocated incidents","Real-time","Free","t.me/s HTML scrape / Telegram Bot API","Telegram","@OSINTWarfare","Mixed sourcing, occasional geolocation; verify independently.","English OSINT channel posting combat footage and strike reports, sometimes with geolocation.","2026-08-19"
"Status-6","https://x.com/Archer83Able","Milblogger/Telegram","Independent OSINT","International/Neutral","English","Point-geolocated incidents","Multiple daily","Free","X API (paid); no public feed","X/Twitter","@Archer83Able","Long-running conflict-news account (also YouTube @archer83able). Broad, fast coverage of strike and drone footage with reasonable sourcing; leans pro-Ukrainian, and location detail is often only 'near <settlement>'.","OSINT-driven coverage of strikes, drone warfare and equipment losses in Ukraine and elsewhere.","2026-08-19"
"Telegago (Google CSE for Telegram)","https://cse.google.com/cse?cx=006368593537057042503%3Aefxu7xprihg","Milblogger/Telegram","Volunteer Community","International/Neutral","Multi-language","Mixed","Real-time","Free","None (search UI only)","Website","Telegago CSE","Community-maintained Google Custom Search across t.me previews and Telegram directories; the fastest way to find a channel's current slug or to full-text search milblogger posts that Google has indexed. Coverage is limited to what Google has crawled, so absence proves nothing.","Search engine over public Telegram channels, groups and post previews.","2026-08-19"
"Telegram Bot API / MTProto client APIs","https://core.telegram.org/bots/api","Milblogger/Telegram","Commercial","International/Neutral","Multi-language","Mixed","Real-time","Free API key","Telegram Bot API and MTProto (Telethon/TDLib)","Website","core.telegram.org","Official APIs; MTProto clients (Telethon/TDLib) can read full channel history including preview-disabled channels, which the Bot API cannot. Requires a phone-number-bound account, and mass scraping risks account bans - the standard practical constraint on building a milblogger corpus.","Official programmatic access to Telegram channel content and history for automated collection.","2026-08-19"
"Telegram public channel previews (t.me/s/)","https://core.telegram.org/widgets/post","Milblogger/Telegram","Commercial","International/Neutral","Multi-language","Mixed","Real-time","Free","HTML scrape of https://t.me/s/<channel> (no key)","Website","t.me/s/<channel>","The core ingestion mechanism for this whole category: any public channel that has not disabled preview renders its last ~20 posts as static HTML with ISO timestamps, permalinks and media URLs. Caveat: channels can disable preview (verified: @grey_zone, @rsotmdivision, @donbassdevushka, @vchkogpu), pagination needs the ?before= parameter, and there is no rate-limit guarantee.","Web-readable mirror of any public Telegram channel's recent posts, usable for scraping without an account.","2026-08-19"
"Telemetr.me","https://telemetr.me/","Milblogger/Telegram","Commercial","International/Neutral","Russian, Ukrainian","Mixed","Daily","Freemium","Paid API / export","Website","telemetr.me","Alternative Telegram analytics service with strong coverage of Ukrainian and Russian channels, useful for resolving renamed or migrated handles and for tracking whether a channel is still active. Paywalled beyond basic profile data.","Channel discovery, subscriber/post analytics and historical handle tracking for Telegram.","2026-08-19"
"TGStat","https://tgstat.com/","Milblogger/Telegram","Commercial","International/Neutral","Russian, English","Mixed","Daily","Freemium","REST API at api.tgstat.ru (paid tiers)","Website","tgstat.com / tgstat.ru","Russian-based Telegram analytics with the most complete index of Russian- and Ukrainian-language war channels, including handle history, subscriber trends and full-text search. Being Russian-hosted, coverage of Ukrainian channels can be uneven and metrics are inflated by view-farming; it is a discovery tool, not an evidence source.","Search, ranking and analytics for Telegram channels, plus an API for post-level data collection.","2026-08-19"
"Andrei Marochko (LPR)","https://t.me/s/marochkolive","Milblogger/Telegram","Milblogger","Russian","Russian","Narrative/no coordinates","Multiple daily","Free","Telegram Bot API / t.me/s scrape","Telegram","@marochkolive","LPR 'people's militia' officer and TASS-quoted commentator (~15K subs but very widely republished). The single most prolific source of premature Russian advance claims on the Kupiansk/Lyman/Siversk axes; his statements are routinely repeated by Russian state media and should be treated as claims, not observations.","Daily claims about Russian progress on the Luhansk-direction axes and Ukrainian losses.","2026-08-19"
"ANNA News","https://t.me/s/anna_news","Milblogger/Telegram","Media","Russian","Russian","Narrative/no coordinates","Multiple daily","Free","Telegram Bot API / t.me/s scrape","Telegram","@anna_news","~237K subs; long-standing pro-Russian war-media outlet (Abkhazian Network News Agency) with embedded crews. Openly propagandistic, historically inaccurate on capture claims; footage can still be useful for dating Russian presence.","Embedded Russian frontline video reports and axis claims.","2026-08-19"
"Archangel Spetsnaz Z (@rusich_army) - semi-dormant","https://t.me/s/rusich_army","Milblogger/Telegram","Milblogger","Russian","Russian","Narrative/no coordinates","Irregular","Free","Telegram Bot API / t.me/s scrape","Telegram","@rusich_army","VDV-linked Z-channel historically among Russia's top military channels; the public preview now shows only sporadic posts (latest 5 Jul 2026, ~11.6K subs), suggesting a migration or restriction - verify before relying on it. Content when active is nationalist and unverified.","Airborne-forces-adjacent frontline content, tactical clips and pro-war commentary.","2026-08-19"
"Colonelcassad (Boris Rozhin)","https://t.me/s/boris_rozhin","Milblogger/Telegram","Milblogger","Russian","Russian","Narrative/no coordinates","Multiple daily","Free","Telegram Bot API / t.me/s scrape","Telegram","@boris_rozhin","~743K subs; Crimea-based analyst at the CIGR, one of ISW's most-cited Russian milbloggers. Aggregates and comments on all Russian axes with relatively sober tone by Z-channel standards, but is firmly pro-Kremlin, repeats MoD framing and amplifies unverified capture claims.","Aggregated Russian frontline claims, strike reports and commentary on Russian military politics.","2026-08-19"
"Conflict Intelligence Team (CIT)","https://t.me/s/citeam","Milblogger/Telegram","Independent OSINT","Russian","Russian, English","Point-geolocated incidents","Daily","Free","Telegram Bot API / t.me/s scrape","Telegram","@citeam","Exiled Russian investigative OSINT group (~89K subs; citeam.org, English on x.com/CITeam_en). Methodologically strict, publishes evidence and admits uncertainty; anti-Kremlin but critical of both sides' claims. Slower than milbloggers and not a continuous frontline mapper.","Verification of strike and loss claims, Russian unit/mobilisation research, weekly war summaries.","2026-08-19"
"Dimitriev (Russkiy Orientalist)","https://t.me/s/russ_orientalist","Milblogger/Telegram","Milblogger","Russian","Russian","Narrative/no coordinates","Daily","Free","Telegram Bot API / t.me/s scrape","Telegram","@russ_orientalist","~129K subs; pro-Kremlin analyst frequently cited by ISW for elite-adjacent commentary. Analytical tone, no geolocation, and consistently frames events to Russian advantage.","Political-military analysis of the war and Russian internal debates.","2026-08-19"
"Donbass Devushka","https://t.me/donbassdevushka","Milblogger/Telegram","Milblogger","Russian","English","Narrative/no coordinates","Multiple daily","Free","None (web preview disabled)","Telegram","@donbassdevushka","English-language pro-Russian channel run by a US-based operator exposed in 2023 (linked to leaked-documents amplification). Deliberate disinformation vehicle aimed at Western audiences; web preview disabled. No evidentiary value.","English-language pro-Russian war content, claims and commentary for Western audiences.","2026-08-19"
"Donbass reshaet (Donbass Decides)","https://t.me/s/donbassr","Milblogger/Telegram","Milblogger","Russian","Russian","Narrative/no coordinates","Multiple daily","Free","Telegram Bot API / t.me/s scrape","Telegram","@donbassr","~43K subs; Donbas-based pro-Russian frontline channel. Local detail on Donetsk-axis fighting but wholly partisan and unverified.","Donbas frontline video and claims, occupation-area local news.","2026-08-19"
"Fighterbomber","https://t.me/s/bomber_fighter","Milblogger/Telegram","Milblogger","Russian","Russian","Narrative/no coordinates","Daily","Free","Telegram Bot API / t.me/s scrape","Telegram","@bomber_fighter","~519K subs; the authoritative Russian VKS-insider channel (note: the older @fighter_bomber handle is now only a backup pointer). Genuinely well-informed on Russian aviation losses, glide-bomb and Shahed employment and often admits Russian aircraft losses before officials do; strongly pro-war and hostile to Ukraine, with no geolocation.","Russian air-force insider reporting: aircraft/UAV losses, weapons employment, aircrew news.","2026-08-19"
"Geroman","https://t.me/s/geromanat","Milblogger/Telegram","Milblogger","Russian","Russian, English","Settlement-level polygons","Multiple daily","Free","Telegram Bot API / t.me/s scrape","Telegram","@geromanat","Pro-Russian mapper/aggregator producing frontline graphics and casualty claims. Consistently maximalist about Russian gains and Ukrainian losses; maps derive from Russian claims rather than geolocated evidence.","Russian-perspective frontline maps, strike claims and war statistics.","2026-08-19"
"GREY ZONE","https://t.me/grey_zone","Milblogger/Telegram","Milblogger","Russian","Russian","Narrative/no coordinates","Multiple daily","Free","None (web preview disabled; requires Telegram client/API)","Telegram","@grey_zone","Wagner-descended hardline channel, historically ~500K subs, still active post-2023 but with web preview disabled so t.me/s scraping fails - ingestion needs an authenticated Telegram client. Highly aggressive nationalist content, hostile to the Russian MoD, and unreliable on specifics.","Wagner-aligned frontline claims, assault-unit content and attacks on Russian military leadership.","2026-08-19"
"Idi i smotri (Go and See)","https://t.me/s/smotri_z","Milblogger/Telegram","Milblogger","Russian","Russian","Narrative/no coordinates","Real-time","Free","Telegram Bot API / t.me/s scrape","Telegram","@smotri_z","~129K subs; graphic Z-channel combat-footage feed. Almost no verification or location metadata; footage frequently re-dated or misattributed.","Russian combat and drone-strike video with nationalist captions.","2026-08-19"
"Igor Girkin/Strelkov","https://t.me/s/strelkovii","Milblogger/Telegram","Milblogger","Russian","Russian","Narrative/no coordinates","Daily","Free","Telegram Bot API / t.me/s scrape","Telegram","@strelkovii","Channel of the imprisoned ex-'DPR defence minister'; historically the loudest ultranationalist critic of the Russian MoD and thus a useful signal when Russian operations are going badly. Frequently exaggerates in the pessimistic direction and posts no geolocated evidence; content is now proxy-managed. (The lookalike @strelkov_info is a squatter.)","Hardline critique of Russian military performance and command, with front-wide commentary.","2026-08-19"
"Khroniki Geraney (Chronicles of Geraniums)","https://t.me/s/geranium_chronicles","Milblogger/Telegram","Milblogger","Russian","Russian","Point-geolocated incidents","Real-time","Free","Telegram Bot API / t.me/s scrape","Telegram","@geranium_chronicles","Pro-Russian channel tracking Shahed/Geran and missile strike waves against Ukraine, often naming target cities and facilities in near real time. Useful for reconstructing strike packages, but it publishes Russian target claims (including 'confirmed hits' that were intercepts) and celebrates strikes on civilian-adjacent infrastructure.","Real-time tracking and claimed results of Russian long-range drone and missile strikes on Ukraine.","2026-08-19"
"Kotsnews (Aleksandr Kots)","https://t.me/s/sashakots","Milblogger/Telegram","Media","Russian","Russian","Narrative/no coordinates","Multiple daily","Free","Telegram Bot API / t.me/s scrape","Telegram","@sashakots","~476K subs; Komsomolskaya Pravda war correspondent and member of Russia's Human Rights Council. Embedded reporting with heavy Kremlin framing; frequently first to claim Russian entry into a settlement, often before it is verifiable.","Embedded reports, interviews and claims from Russian axes of advance.","2026-08-19"
"Legitimniy (Легитимный)","https://t.me/s/legitimniy","Milblogger/Telegram","Milblogger","Russian","Russian, Ukrainian","Narrative/no coordinates","Multiple daily","Free","Telegram Bot API / t.me/s scrape","Telegram","@legitimniy","Companion of the same anonymous 'insider' network as @rezident_ua; treated by Ukrainian and Western analysts as Russian-aligned influence content. Do not use as evidence for anything factual.","Anonymous claims about Ukrainian political and military decision-making.","2026-08-19"
"LOSTARMOUR","https://t.me/s/lost_armour","Milblogger/Telegram","Independent OSINT","Russian","Russian","Point-geolocated incidents","Multiple daily","Free","Telegram Bot API / t.me/s scrape","Telegram","@lost_armour","~88K subs; the pro-Russian counterpart to Oryx, cataloguing destroyed equipment with photo evidence (lostarmour.info). Documentation is comparatively systematic but asymmetric: Ukrainian losses are catalogued far more diligently than Russian ones, and captions carry Russian framing.","Photo-documented equipment-loss cataloguing and strike-video archiving from the Russian side.","2026-08-19"
"Mash","https://t.me/s/mash","Milblogger/Telegram","Media","Russian","Russian","Point-geolocated incidents","Real-time","Free","Telegram Bot API / t.me/s scrape","Telegram","@mash","~3.1M subs; Kremlin-adjacent tabloid with fast access to Russian emergency-services sources. The most useful Russian channel for early reporting of Ukrainian deep-strike impacts inside Russia (refineries, airbases), though details are often wrong initially and downplay damage.","Breaking incident reporting inside Russia, including drone-strike impacts and emergency-services footage.","2026-08-19"
"Michael Nacke (Maikl Naki)","https://t.me/s/Nackepelo","Milblogger/Telegram","Milblogger","Russian","Russian","Narrative/no coordinates","Daily","Free","Telegram Bot API / t.me/s scrape","Telegram","@Nackepelo","Exiled Russian anti-war journalist (YouTube channel UCgpSieplNxXxLXYAzJLLpng, 2M+ subs); prosecuted in absentia in Russia. Analytical daily war reviews built on OSINT and DeepState/ISW products, not original geolocation; strongly anti-Kremlin framing and occasionally over-optimistic about Ukrainian prospects.","Daily Russian-language video/text war analysis for a Russian-speaking anti-war audience.","2026-08-19"
"MIG Rossii (MIG of Russia)","https://t.me/s/mig41","Milblogger/Telegram","Milblogger","Russian","Russian","Narrative/no coordinates","Multiple daily","Free","Telegram Bot API / t.me/s scrape","Telegram","@mig41","~475K subs; nationalist commentary channel often cited by ISW as a milblogger voice. Aggregation plus opinion, no geolocation, routinely amplifies unverified frontline claims.","Pro-war commentary and aggregation of Russian frontline and political claims.","2026-08-19"
"Military Chronicle (@milchronicles) - dormant","https://t.me/s/milchronicles","Milblogger/Telegram","Milblogger","Russian","Russian","Narrative/no coordinates","Archived","Free","Telegram Bot API / t.me/s scrape","Telegram","@milchronicles","Formerly a widely ISW-cited, relatively analytical Russian channel; verified as effectively dead - the last post on the public preview is 23 Jan 2025 and the subscriber count has collapsed to ~1.1K. Retain only for historical corpus work.","Historical archive of analytical Russian-perspective frontline assessments.","2026-08-19"
"Narodnaya militsiya DNR","https://t.me/s/nm_dnr","Milblogger/Telegram","Government","Russian","Russian","Narrative/no coordinates","Multiple daily","Free","Telegram Bot API / t.me/s scrape","Telegram","@nm_dnr","Official DPR 'people's militia' channel. Pure occupation-authority messaging: shelling accusations against Ukraine and advance claims, systematically unverified.","DPR official claims on shelling, casualties and frontline activity in Donetsk oblast.","2026-08-19"
"Neofitsialnyi Bezsonov 'Z' (Daniil Bezsonov)","https://t.me/s/NeoficialniyBeZsonoV","Milblogger/Telegram","Milblogger","Russian","Russian","Narrative/no coordinates","Multiple daily","Free","Telegram Bot API / t.me/s scrape","Telegram","@NeoficialniyBeZsonoV","~246K subs; former DPR official turned milblogger, regularly cited by ISW. Pro-Russian and quick to assert advances; occasional internal criticism of Russian command.","Donbas-focused commentary on Russian operations and occupation politics.","2026-08-19"
"Nikolaevskiy Vanek","https://t.me/s/nikolaevskiyvanek","Milblogger/Telegram","Milblogger","Russian","Russian","Point-geolocated incidents","Multiple daily","Free","Telegram Bot API / t.me/s scrape","Telegram","@nikolaevskiyvanek","Pro-Russian informer channel focused on Mykolaiv/Kherson, publishing claimed Ukrainian troop and equipment locations. Functions partly as a targeting/informant channel: claims are unverified, sometimes fabricated, and its 'geolocations' are hostile intelligence claims rather than OSINT verification.","Claimed Ukrainian positions, movements and strike results in the Mykolaiv/Kherson area.","2026-08-19"
"Novosti SVO, Rossii i mira","https://t.me/s/SVOhronika","Milblogger/Telegram","Milblogger","Russian","Russian","Narrative/no coordinates","Real-time","Free","Telegram Bot API / t.me/s scrape","Telegram","@SVOhronika","Huge-volume pro-Russian war-news aggregator (400K+ posts). No verification and heavy repetition of MoD and milblogger claims; usable only as a bulk corpus for narrative tracking.","Continuous aggregation of Russian war news, frontline claims and strike reports.","2026-08-19"
"Operation Z: Voenkory Russkoy Vesny","https://t.me/s/RVvoenkor","Milblogger/Telegram","Milblogger","Russian","Russian","Narrative/no coordinates","Real-time","Free","Telegram Bot API / t.me/s scrape","Telegram","@RVvoenkor","~1.46M subs; the 'Operation Z' aggregator of Russian war correspondents. Very fast and very unreliable: mass-reposts capture and casualty claims with no verification and a strong triumphalist slant.","Aggregated Russian war-correspondent claims, strike reports and frontline video.","2026-08-19"
"Orchestra W (Wagner fan channel)","https://t.me/orchestra_w","Milblogger/Telegram","Milblogger","Russian","Russian","Narrative/no coordinates","Irregular","Free","None (web preview disabled)","Telegram","@orchestra_w","Wagner-fandom channel; preview disabled so not web-scrapeable. Purely promotional/propagandistic, no geolocation, and claims about Wagner-successor deployments are often speculative.","Wagner-related news, recruitment material and glorification content.","2026-08-19"
"Philologist in Ambush (Filolog v zasade)","https://t.me/s/philologist_zov","Milblogger/Telegram","Milblogger","Russian","Russian","Narrative/no coordinates","Daily","Free","Telegram Bot API / t.me/s scrape","Telegram","@philologist_zov","~60K subs; frequently ISW-cited milblogger with a more analytical register and willingness to describe Russian problems. Still committed pro-war advocacy; no geolocation and prone to accepting Russian capture claims.","Essays and situation commentary on Russian operations and military reform debates.","2026-08-19"
"Povyornutye na voine (Voenacher)","https://t.me/s/voenacher","Milblogger/Telegram","Milblogger","Russian","Russian","Narrative/no coordinates","Multiple daily","Free","Telegram Bot API / t.me/s scrape","Telegram","@voenacher","~668K subs; popular Z-channel with frontline footage and analysis. Nationalist, quick to claim advances, and mixes genuine unit video with unsourced aggregation.","Russian frontline video, strike claims and pro-war commentary.","2026-08-19"
"Reverse Side of the Medal (RSOTM, Rusich-linked)","https://t.me/rsotmdivision","Milblogger/Telegram","Milblogger","Russian","Russian","Narrative/no coordinates","Irregular","Free","None (web preview disabled)","Telegram","@rsotmdivision","Wagner/Rusich-associated channel; web preview is disabled (t.me/s returns no posts), so it cannot be scraped without a Telegram client. Extremist content, no verification value; relevant mainly for tracking assault-detachment and Wagner-successor activity.","Wagner-successor and Rusich-adjacent unit content, recruitment and frontline claims.","2026-08-19"
"Rezident (Резидент)","https://t.me/s/rezident_ua","Milblogger/Telegram","Milblogger","Russian","Russian, Ukrainian","Narrative/no coordinates","Multiple daily","Free","Telegram Bot API / t.me/s scrape","Telegram","@rezident_ua","Anonymous channel posing as a Ukrainian insider source; widely assessed as a Russian influence operation aimed at Ukrainian audiences. Fabricated 'insider' claims about Ukrainian command and politics; zero verification value, useful only for mapping disinformation.","Purported insider leaks about Ukrainian leadership, mobilisation and frontline collapse.","2026-08-19"
"Romanov Light","https://t.me/s/romanov_92","Milblogger/Telegram","Milblogger","Russian","Russian","Narrative/no coordinates","Multiple daily","Free","Telegram Bot API / t.me/s scrape","Telegram","@romanov_92","~152K subs; ISW-cited milblogger giving daily axis summaries. Pro-Russian and consistently optimistic about Russian progress; occasionally admits stalls, which makes those admissions informative.","Daily Russian-perspective summaries of fighting on each axis with commentary.","2026-08-19"
"Ruslan Leviev (CIT founder)","https://t.me/s/ruslanleviev","Milblogger/Telegram","Independent OSINT","Russian","Russian","Narrative/no coordinates","Daily","Free","Telegram Bot API / t.me/s scrape","Telegram","@ruslanleviev","Personal channel of CIT's founder; same evidentiary standards as CIT but more commentary and personal analysis. Anti-Kremlin perspective, designated/prosecuted in Russia.","Commentary on Russian military developments, CIT findings and war-crime investigations.","2026-08-19"
"Rybar (Mikhail Zvinchuk)","https://t.me/s/rybar","Milblogger/Telegram","Milblogger","Russian","Russian","Settlement-level polygons","Multiple daily","Free","Telegram Bot API / t.me/s scrape","Telegram","@rybar","The largest Russian-language military-analysis channel (~1.55M subs) run by ex-Russian MoD press officer Mikhail Zvinchuk; US-sanctioned. Cartography is genuinely high quality and often ahead of Ukrainian maps on Russian advances, but it is MoD-adjacent and systematically marks Russian gains early, understates Russian losses, and pushes information operations; treat maps as a Russian-claim layer to be intersected with Ukrainian-side maps.","Multiple daily mapped situation reports for every axis, strike claims and geopolitical commentary.","2026-08-19"
"Rybar in English","https://t.me/s/rybar_in_english","Milblogger/Telegram","Milblogger","Russian","English","Settlement-level polygons","Multiple daily","Free","Telegram Bot API / t.me/s scrape","Telegram","@rybar_in_english","Official English mirror of Rybar (~80K subs) carrying the same maps and the same systematic pro-Russian bias and early-advance claims; useful for non-Russian-reading pipelines.","English translations of Rybar's mapped frontline summaries and strike claims.","2026-08-19"
"SILOVIKI","https://t.me/s/sil0viki","Milblogger/Telegram","Milblogger","Russian","Russian","Narrative/no coordinates","Multiple daily","Free","Telegram Bot API / t.me/s scrape","Telegram","@sil0viki","~185K subs; security-services-adjacent pro-war aggregator. Mixes real leaks with rumour and disinformation, no verification, no coordinates.","Pro-Kremlin security/military news aggregation and frontline claims.","2026-08-19"
"Sladkov+ (Aleksandr Sladkov)","https://t.me/s/Sladkov_plus","Milblogger/Telegram","Media","Russian","Russian","Narrative/no coordinates","Daily","Free","Telegram Bot API / t.me/s scrape","Telegram","@Sladkov_plus","~700K subs; VGTRK state-TV war correspondent. Effectively state messaging with frontline colour; useful only for reading the official Russian line, minimal verifiable geographic detail.","State-TV-aligned frontline reportage and commentary on Russian forces.","2026-08-19"
"SolovievLive","https://t.me/s/SolovievLive","Milblogger/Telegram","Media","Russian","Russian","Narrative/no coordinates","Real-time","Free","Telegram Bot API / t.me/s scrape","Telegram","@SolovievLive","~1.1M subs; Vladimir Solovyov's state-TV ecosystem channel. Pure propaganda and escalation rhetoric; no verification, no location value, but a good index of official Russian narrative.","State-TV war commentary, frontline claim amplification and political messaging.","2026-08-19"
"Svodki opolcheniya Novorossii (Z.O.V.)","https://t.me/s/swodki","Milblogger/Telegram","Milblogger","Russian","Russian","Narrative/no coordinates","Real-time","Free","Telegram Bot API / t.me/s scrape","Telegram","@swodki","~223K subs and ~289K photos; enormous archive of Donbas 'militia' summaries dating to 2014. Volume is its value; reliability is poor, with heavy recycling of old footage and separatist propaganda framing.","Continuous Russian/separatist frontline summaries, video and strike claims.","2026-08-19"
"Tot samyi Olen (@trueolen)","https://t.me/s/trueolen","Milblogger/Telegram","Milblogger","Russian","Russian","Narrative/no coordinates","Irregular","Free","Telegram Bot API / t.me/s scrape","Telegram","@trueolen","Kremlin-adjacent 'insider' commentary channel; last public post observed 18 May 2026, so treat as low-activity. Political rather than operational, no geolocation.","Anonymous elite-adjacent commentary on Russian war policy and personnel.","2026-08-19"
"Two Majors (Dva Majora)","https://t.me/s/dva_majors","Milblogger/Telegram","Milblogger","Russian","Russian","Narrative/no coordinates","Multiple daily","Free","Telegram Bot API / t.me/s scrape","Telegram","@dva_majors","~1.16M subs; anonymous serving-officer channel heavily cited by ISW. Often has genuine unit-level detail and criticises Russian command failures, which makes it a useful negative indicator; still nationalist propaganda, frequently premature on captures and hostile to any Ukrainian success reporting.","Axis-by-axis Russian frontline summaries, criticism of Russian command and fundraising for units.","2026-08-19"
"VChK-OGPU","https://t.me/vchkogpu","Milblogger/Telegram","Milblogger","Russian","Russian","Narrative/no coordinates","Multiple daily","Free","None (web preview disabled)","Telegram","@vchkogpu","Anonymous channel claiming Russian security-service sources; web preview disabled. Mixed record: some genuine leaks about Russian MoD/FSB affairs later corroborated, plus a lot of unverifiable or planted material. Never treat as a location source.","Alleged insider leaks on Russian security services, MoD corruption and casualties.","2026-08-19"
"Vladimir Rogov","https://t.me/s/vrogov","Milblogger/Telegram","Government","Russian","Russian","Narrative/no coordinates","Multiple daily","Free","Telegram Bot API / t.me/s scrape","Telegram","@vrogov","~100K subs; Russian occupation official for Zaporizhzhia (Public Chamber commission chair). Source of Russian occupation-authority claims about Zaporizhzhia axis and ZNPP; heavily propagandistic and repeatedly wrong or premature on Russian advances.","Occupation-administration claims on the Zaporizhzhia front, strikes and the Zaporizhzhia NPP.","2026-08-19"
"Voenkor Kotenok (Yuri Kotenok)","https://t.me/s/voenkorKotenok","Milblogger/Telegram","Milblogger","Russian","Russian","Narrative/no coordinates","Multiple daily","Free","Telegram Bot API / t.me/s scrape","Telegram","@voenkorKotenok","~315K subs; veteran Russian war correspondent. Nationalist commentary with occasional insider criticism of the MoD; low geolocation value and prone to alarmist or triumphalist claims depending on the day.","Commentary and claims on Russian operations, strikes and military-political disputes.","2026-08-19"
"Voennaya khronika (voenhronika.ru)","https://t.me/s/voenhronika_ru","Milblogger/Telegram","Milblogger","Russian","Russian","Narrative/no coordinates","Multiple daily","Free","Telegram Bot API / t.me/s scrape","Telegram","@voenhronika_ru","Active pro-Russian war-video channel tied to voenhronika.ru, covering Ukraine since 2014. Propagandistic captions, no geolocation discipline. Note: the better-known analytic 'Voennaya Khronika' handle @milchronicles has been dormant since January 2025.","Russian-side war video archive and daily frontline claim summaries.","2026-08-19"
"Voennyi Osvedomitel (Military Informant)","https://t.me/s/milinfolive","Milblogger/Telegram","Milblogger","Russian","Russian","Point-geolocated incidents","Multiple daily","Free","Telegram Bot API / t.me/s scrape","Telegram","@milinfolive","~615K subs, 115K photos; among the most technically competent Russian channels for equipment identification and loss documentation, and it does publish Russian losses. Still pro-Russian in framing and selective, but its identification work is comparatively trustworthy.","Weapons/vehicle identification, documented losses on both sides and technical war analysis.","2026-08-19"
"Vypuskayte Krakena (RLZ the Kraken)","https://t.me/s/rlz_the_kraken","Milblogger/Telegram","Milblogger","Russian","Russian","Narrative/no coordinates","Multiple daily","Free","Telegram Bot API / t.me/s scrape","Telegram","@rlz_the_kraken","~505K subs; high-volume Z-channel mixing frontline video with hardline nationalist agitation. Very low verification standard, frequent recycled or mislabelled footage; treat all locations as unconfirmed.","Russian frontline and strike video with nationalist commentary.","2026-08-19"
"War on Fakes (Voina s feikami)","https://t.me/s/warfakes","Milblogger/Telegram","Milblogger","Russian","Russian, English","Narrative/no coordinates","Multiple daily","Free","Telegram Bot API / t.me/s scrape","Telegram","@warfakes","~387K subs; Kremlin-aligned 'fact-checking' operation created to rebut Ukrainian and Western reporting. Documented disinformation vehicle: its 'debunkings' regularly invert verified events (e.g. strike attribution). Include only to track Russian narrative moves, never as verification.","Pro-Russian 'debunking' of Ukrainian and Western war claims.","2026-08-19"
"WarGonzo (Semyon Pegov)","https://t.me/s/wargonzo","Milblogger/Telegram","Milblogger","Russian","Russian","Narrative/no coordinates","Multiple daily","Free","Telegram Bot API / t.me/s scrape","Telegram","@wargonzo","~749K subs; state-decorated war correspondent embedded with Russian units. Real on-the-ground presence, so his datelines indicate where Russian forces actually are, but reporting is openly propagandistic, routinely announces the 'capture' of settlements days-to-weeks early, and never publishes coordinates.","Embedded video reporting from Russian units, interviews and claims of advances by axis.","2026-08-19"
"Yevgeny Poddubny (Poddubny ZOV)","https://t.me/s/epoddubny","Milblogger/Telegram","Media","Russian","Russian","Narrative/no coordinates","Multiple daily","Free","Telegram Bot API / t.me/s scrape","Telegram","@epoddubny","~573K subs; VGTRK state correspondent, EU-sanctioned. Reports from Russian-held areas so his locations show Russian presence, but content is state propaganda: exaggerated Ukrainian losses, early capture claims, no independent verification.","State-television frontline video and claims from Russian-controlled sectors.","2026-08-19"
"Yurii Podolyaka","https://t.me/s/yurasumy","Milblogger/Telegram","Milblogger","Russian","Russian","Settlement-level polygons","Multiple daily","Free","Telegram Bot API / t.me/s scrape","Telegram","@yurasumy","~2.68M subs, one of the biggest war channels: Ukrainian-born (Sumy) pro-Russian commentator producing daily mapped video reviews. Systematically over-claims Russian progress and predicts Ukrainian collapse; maps are illustrative, not evidence-based.","Daily mapped video/text analyses of every front from a pro-Russian standpoint.","2026-08-19"
"Z komitet + karta SVO","https://t.me/s/z_arhiv","Milblogger/Telegram","Milblogger","Russian","Russian","Settlement-level polygons","Multiple daily","Free","Telegram Bot API / t.me/s scrape","Telegram","@z_arhiv","~68K subs; publishes Russian-side campaign maps. Maps are drawn to maximise Russian control, showing claimed rather than verified gains; useful only as a Russian-claim layer.","Russian-perspective frontline maps and axis summaries.","2026-08-19"
"Zakhar Prilepin","https://t.me/s/zakharprilepin","Milblogger/Telegram","Milblogger","Russian","Russian","Narrative/no coordinates","Multiple daily","Free","Telegram Bot API / t.me/s scrape","Telegram","@zakharprilepin","~227K subs; writer, ex-Donbas fighter and ultranationalist politician. Ideological rather than operational; effectively no verifiable geographic content.","Nationalist political and war commentary with occasional frontline anecdotes.","2026-08-19"
"ZAPISKI VETERANA (Zapiski Veterana)","https://t.me/s/notes_veterans","Milblogger/Telegram","Milblogger","Russian","Russian","Narrative/no coordinates","Multiple daily","Free","Telegram Bot API / t.me/s scrape","Telegram","@notes_veterans","~296K subs; ISW-cited veteran milblogger writing 'from the trenches'. Sometimes candid about Russian shortcomings, which is its analytic value; otherwise pro-war advocacy with fundraising, no coordinates, and unverifiable first-person claims.","Subjective frontline notes, complaints about Russian logistics/command and unit fundraising.","2026-08-19"
"Andrii Tsaplienko","https://t.me/s/Tsaplienko","Milblogger/Telegram","Media","Ukrainian","Ukrainian","Narrative/no coordinates","Multiple daily","Free","Telegram Bot API / t.me/s scrape","Telegram","@Tsaplienko","~323K subs; veteran TV war correspondent (1+1). Reliable on the fact that an event happened but aggregates heavily from other channels; patriotic framing, minimal geolocation discipline, occasional unverified early claims.","Frontline video reports, strike aftermath footage and Ukrainian military news commentary.","2026-08-19"
"Anton Gerashchenko (Pravda Gerashchenko)","https://t.me/s/Pravda_Gerashchenko","Milblogger/Telegram","Milblogger","Ukrainian","Ukrainian, Russian","Narrative/no coordinates","Multiple daily","Free","Telegram Bot API / t.me/s scrape","Telegram","@Pravda_Gerashchenko","~325K subs; ex-adviser to Ukraine's Interior Minister and a prolific information-war amplifier. Reliable for what Ukrainian officialdom is messaging, but has repeatedly amplified unverified or false viral clips; not a geolocation source.","Curated war video, official Ukrainian messaging and English-language commentary.","2026-08-19"
"DeepState (DeepStateUA)","https://t.me/s/DeepStateUA","Milblogger/Telegram","Independent OSINT","Ukrainian","Ukrainian","Settlement-level polygons","Multiple daily","Free","Telegram Bot API / t.me/s scrape","Telegram","@DeepStateUA","The single most-cited Ukrainian frontline mapping team (~765K subs, posting continuously as of 19 Aug 2026); pairs its Telegram commentary with the deepstatemap.live polygon map. Pro-Ukrainian but unusually willing to publish bad news and to mark Russian gains before the General Staff admits them; occasionally criticised for grey-zone shading that is more pessimistic than DeepStateMap competitors, and it does not always publish the geolocated source video behind a change.","Daily narrative updates on each axis (Pokrovsk, Kupiansk, Huliaipole etc.) tied to concrete settlements plus map-change announcements and drone/strike footage.","2026-08-19"
"Dmytro Putiata (kriegsforscherD)","https://x.com/kriegsforscherD","Milblogger/Telegram","Milblogger","Ukrainian","English, Ukrainian","Narrative/no coordinates","Daily","Free","X API (paid); no public feed","X/Twitter","@kriegsforscherD","Serving Ukrainian drone-warfare officer (SOF, 36th Marine Bde, 20th Unmanned Systems Bde background); credible practitioner detail on unmanned systems. Insider perspective means selective disclosure and OPSEC-driven vagueness on exact positions; do not confuse with @OSINTua.","Practitioner analysis of drone warfare, kill-zone dynamics and unmanned-systems force structure.","2026-08-19"
"Dnipro Operatyvnyi","https://t.me/s/dnepr_operativ","Milblogger/Telegram","Volunteer Community","Ukrainian","Ukrainian, Russian","Oblast-level","Real-time","Free","Telegram Bot API / t.me/s scrape","Telegram","@dnepr_operativ","City/oblast-level Dnipropetrovsk channel; fastest source on strike impacts in Dnipro and Kamianske but crowd-sourced and unverified, with frequent early errors on what was hit.","Local strike, air-alert and impact reporting for Dnipropetrovsk oblast.","2026-08-19"
"INSIDER UA","https://t.me/s/insiderUKR","Milblogger/Telegram","Media","Ukrainian","Ukrainian, Russian","Oblast-level","Real-time","Free","Telegram Bot API / t.me/s scrape","Telegram","@insiderUKR","~2.18M subs. Very high-volume Ukrainian news aggregator; useful as a tripwire for breaking strikes but low analytical value, no geolocation, and frequent unsourced 'insider' claims.","Breaking-news feed on strikes, alerts and war politics for a mass Ukrainian audience.","2026-08-19"
"Kriegsforscher (OSINTua)","https://x.com/OSINTua","Milblogger/Telegram","Milblogger","Ukrainian","English, Ukrainian","Narrative/no coordinates","Irregular","Free","X API (paid); no public feed","X/Twitter","@OSINTua","Long-running pseudonymous Ukrainian volunteer/analyst account known as Kriegsforscher; blunt trench-level insight into drone and infantry realities. Partisan, profane, sometimes deliberately vague about locations for OPSEC reasons; posting is episodic.","Commentary on Ukrainian drone/infantry tactics, equipment problems and frontline conditions.","2026-08-19"
"Lachen pyshe (Oleksandr Lachen)","https://t.me/s/lachentyt","Milblogger/Telegram","Milblogger","Ukrainian","Ukrainian","Narrative/no coordinates","Multiple daily","Free","Telegram Bot API / t.me/s scrape","Telegram","@lachentyt","Popular Ukrainian volunteer/fundraiser channel with frontline sourcing through supplied units. Opinionated, sometimes engages in intra-Ukrainian political fights; claims about specific positions should be corroborated.","Frontline situation commentary, fundraising for units, criticism of Ukrainian procurement.","2026-08-19"
"Necro Mancer","https://x.com/666_mancer","Milblogger/Telegram","Independent OSINT","Ukrainian","Russian, English","Point-geolocated incidents","Multiple daily","Free","X API (paid); no public feed","X/Twitter","@666_mancer","Anonymous Donetsk-based researcher active since 2014; maintains a named database of Russian and collaborator casualties from social media. Deliberately aggressive/propagandistic in tone (posts graphic material) but the underlying identification work is heavily used by media and researchers.","Documentation of Russian personnel losses by name/unit, plus local reports from occupied Donetsk.","2026-08-19"
"Operatyvnyi ZSU (Operational AFU)","https://t.me/s/operativnoZSU","Milblogger/Telegram","Milblogger","Ukrainian","Ukrainian","Oblast-level","Real-time","Free","Telegram Bot API / t.me/s scrape","Telegram","@operativnoZSU","~370K subs, near-continuous posting. Fast unofficial aggregator of General Staff statements, alerts and frontline clips; it is not an original-source or geolocating channel and it recycles claims from other Telegram channels, so cross-check before treating any location as confirmed.","Rapid aggregation of Ukrainian military statements, air-raid/strike alerts and frontline video.","2026-08-19"
"Osint Ukraine (@ukraine_osint)","https://x.com/ukraine_osint","Milblogger/Telegram","Independent OSINT","Ukrainian","English","Point-geolocated incidents","Multiple daily","Free","X API (paid); no public feed","X/Twitter","@ukraine_osint","Long-running pro-Ukrainian OSINT aggregator on X. Reposts frontline and strike footage quickly with settlement-level captions but does little original geolocation, so locations should be treated as claimed until matched to terrain by a verifier such as @Danspiun or @moklasen.","Aggregated frontline video, strike documentation and Ukrainian-side situation updates in English.","2026-08-19"
"Roman Sheremeta","https://x.com/rshereme","Milblogger/Telegram","Milblogger","Ukrainian","English","Narrative/no coordinates","Daily","Free","X API (paid); no public feed","X/Twitter","@rshereme","Ukrainian-American economics professor and advocate; useful for Ukrainian macro/mobilisation framing and official messaging, but he is an advocate rather than an OSINT verifier and repeats claims without independent checking.","Commentary on Ukraine's war economy, aid and political developments plus amplification of Ukrainian reporting.","2026-08-19"
"Serhii Beskrestnov 'Flash'","https://t.me/s/serhii_flash","Milblogger/Telegram","Independent OSINT","Ukrainian","Ukrainian","Mixed","Daily","Free","Telegram Bot API / t.me/s scrape","Telegram","@serhii_flash","~166K subs; Ukraine's best-known radio/EW specialist (also known as 'Sergiy Flash'). Highly technical and credible on Shahed corridors, jamming, drone control links and Russian EW hardware; not a frontline mapper, and his Shahed route/altitude observations are indicative rather than precise geolocation.","Technical analysis of Russian drone/EW systems, Shahed flight-corridor and radio-frequency observations, advice to Ukrainian drone units.","2026-08-19"
"Serhii Bratchuk","https://t.me/s/Bratchuk_Sergey","Milblogger/Telegram","Milblogger","Ukrainian","Ukrainian","Oblast-level","Multiple daily","Free","Telegram Bot API / t.me/s scrape","Telegram","@Bratchuk_Sergey","~173K subs; former Odesa oblast administration spokesman, now UWC-affiliated commentator. Useful for southern/Odesa strike reporting; strongly propagandistic tone, no coordinates, and past record of premature or morale-driven claims.","Southern-Ukraine strike and air-defence reporting plus general war commentary.","2026-08-19"
"Serhii Sternenko","https://t.me/s/ssternenko","Milblogger/Telegram","Milblogger","Ukrainian","Ukrainian","Point-geolocated incidents","Multiple daily","Free","Telegram Bot API / t.me/s scrape","Telegram","@ssternenko","~890K subs; activist/fundraiser (Sternenko Community Foundation) rather than analyst. Publishes very large volumes of FPV strike video from units he funds, usually with the unit and rough area named; the videos are genuine but framing is promotional and geolocation is loose, so treat locations as claimed until independently placed.","FPV/drone strike footage from funded units, fundraising campaigns, commentary on drone and EW procurement.","2026-08-19"
"Special Kherson Cat","https://x.com/bayraktar_1love","Milblogger/Telegram","Milblogger","Ukrainian","English, Ukrainian","Point-geolocated incidents","Multiple daily","Free","X API (paid); no public feed","X/Twitter","@bayraktar_1love","Kherson-based high-volume video aggregator (also on Bluesky). Excellent early source for southern/Kherson footage; captions are partisan and locations are usually as-claimed by the posting unit rather than independently verified.","Frontline and strike video, especially from Kherson and the southern axis.","2026-08-19"
"Tatarigami_UA / Frontelligence Insight","https://x.com/Tatarigami_UA","Milblogger/Telegram","Independent OSINT","Ukrainian","English","Mixed","Weekly","Free","X API (paid); no public feed","X/Twitter","@Tatarigami_UA","Ukrainian reserve officer leading the Frontelligence Insight team (Telegram mirror t.me/s/tatarigami_UA, reports at frontelligence.substack.com). Analytically careful, publishes methodology and admits Ukrainian problems; pro-Ukrainian in framing and slower/periodic rather than a live map.","Medium-form analytical reports on Russian force generation, sector assessments and satellite/geospatial studies.","2026-08-19"
"TRUKHA Ukraine","https://t.me/s/truexanewsua","Milblogger/Telegram","Media","Ukrainian","Ukrainian","Oblast-level","Real-time","Free","Telegram Bot API / t.me/s scrape","Telegram","@truexanewsua","One of Ukraine's largest news channels. High speed, low verification: has repeatedly published mislabelled or recycled strike video, and is a known vector for panic content. Use only as an early-warning tripwire.","Mass-audience breaking news on strikes, alerts and war developments.","2026-08-19"
"Ukraine Battle Map","https://x.com/ukraine_map","Milblogger/Telegram","Independent OSINT","Ukrainian","English","Settlement-level polygons","Daily","Free","X API (paid); no public feed","X/Twitter","@ukraine_map","Posts settlement-by-settlement control updates and map graphics. Convenient summary format but sourcing is often not shown and changes sometimes trail geolocated evidence; treat as a secondary aggregation of DeepState/other maps.","Daily control-change posts naming captured/contested settlements with map images.","2026-08-19"
"Ukraine NOW","https://t.me/s/UkraineNow","Milblogger/Telegram","Media","Ukrainian","Ukrainian","Oblast-level","Multiple daily","Free","Telegram Bot API / t.me/s scrape","Telegram","@UkraineNow","~417K subs; originated as a semi-official information channel in 2022. Mostly reposts official and media content; no independent geolocation, patriotic framing.","General war news, strike reports and official announcements.","2026-08-19"
"Yurii Butusov (Butusov Plus)","https://t.me/s/butusovplus","Milblogger/Telegram","Milblogger","Ukrainian","Ukrainian","Narrative/no coordinates","Multiple daily","Free","Telegram Bot API / t.me/s scrape","Telegram","@butusovplus","Censor.NET editor-in-chief, ~348K subs, extremely well sourced inside the Ukrainian General Staff and brigades; frequently first to report unit collapses, command failures and casualty problems that officials deny. Strongly opinionated and polemical against Ukrainian command, sometimes publishes operational detail early; names settlements but rarely coordinates.","Investigative frontline reporting, brigade-level accounts of specific battles, criticism of Ukrainian force generation and command decisions.","2026-08-19"
"Zvizdets Manhustu (Zvиздец Мангусту)","https://t.me/s/zvizdecmanhustu","Milblogger/Telegram","Milblogger","Ukrainian","Ukrainian","Point-geolocated incidents","Daily","Free","Telegram Bot API / t.me/s scrape","Telegram","@zvizdecmanhustu","~69K subs; run by serving Ukrainian drone/artillery personnel. Strong primary-source strike footage from specific sectors, but sardonic, partisan and inconsistent about naming exact locations; treat unit claims as one-sided.","First-person drone and artillery strike video, trench-level commentary on specific sectors.","2026-08-19"
"Andrew Perpetua","https://x.com/AndrewPerpetua","Milblogger/Telegram","Independent OSINT","Western","English","Point-geolocated incidents","Daily","Free","X API (paid); no public feed","X/Twitter","@AndrewPerpetua","Runs the longest-standing crowd-verified equipment-loss and geolocation lists; rigorous about coordinates and refuses claims lacking imagery. Pro-Ukrainian and often abrasive; his loss counts undercount Russian losses in areas with little footage rather than overstating them.","Daily geolocated lists of confirmed vehicle/equipment losses and strike locations for both sides.","2026-08-19"
"Black Bird Group","https://x.com/Black_BirdGroup","Milblogger/Telegram","Independent OSINT","Western","English","Settlement-level polygons","Multiple daily","Free","X API (paid); no public feed","X/Twitter","@Black_BirdGroup","Finnish OSINT team behind blackbirdgroup.fi and its interactive frontline map; publishes multiple updates a day with documented mapping conventions. One of the few teams that explains why a line moved, making it a good cross-check against DeepState.","Team account for frontline map changes, sector assessments and geospatial analysis.","2026-08-19"
"Chuck Pfarrer","https://x.com/ChuckPfarrer","Milblogger/Telegram","Milblogger","Western","English","Settlement-level polygons","Daily","Free","X API (paid); no public feed","X/Twitter","@ChuckPfarrer","Former US Navy SEAL who posts hand-drawn 'Indications & Warnings' situation maps. Popular and readable, but treat with caution: his maps and casualty figures are loosely sourced, optimistic about Ukrainian performance, and have repeatedly lagged or contradicted geolocated evidence.","Daily sector situation maps with narrative assessments of Russian attacks and Ukrainian defence.","2026-08-19"
"Dan (Danspiun)","https://x.com/Danspiun","Milblogger/Telegram","Independent OSINT","Western","English","Point-geolocated incidents","Daily","Free","X API (paid); no public feed","X/Twitter","@Danspiun","Careful geolocator of strike and combat footage, frequently cited by larger accounts and journalists; pro-Ukrainian alignment but places footage on the basis of terrain matching rather than claims.","Coordinate-level geolocation of Ukraine-war video and identification of struck targets.","2026-08-19"
"Def Mon","https://x.com/DefMon3","Milblogger/Telegram","Independent OSINT","Western","English","Settlement-level polygons","Daily","Free","X API (paid); no public feed","X/Twitter","@DefMon3","Widely trusted Scandinavian mapper of the Pokrovsk/Bakhmut axes; maintains a detailed Scribble Maps frontline map and is explicit about confidence levels. Pro-Ukrainian but conservative about accepting Russian gains only on geolocated evidence. Note: his Telegram mirror @defmon3war has been dormant since 2023, so use X.","Frontline map updates, sector analysis threads and assessment of claimed advances.","2026-08-19"
"Emil Kastehelmi (Black Bird Group)","https://x.com/emilkastehelmi","Milblogger/Telegram","Independent OSINT","Western","English, Finnish","Settlement-level polygons","Multiple daily","Free","X API (paid); no public feed","X/Twitter","@emilkastehelmi","Finnish analyst and Black Bird Group co-founder; one of the most methodologically explicit frontline mappers, publishing visualisation rules and confidence caveats. Western/pro-Ukrainian outlook but frequently corrects both Ukrainian and Russian exaggerations.","Frontline situation updates with the Black Bird Group interactive map and threaded sector analysis.","2026-08-19"
"John Helin (Black Bird Group)","https://x.com/J_JHelin","Milblogger/Telegram","Independent OSINT","Western","English, Finnish","Settlement-level polygons","Daily","Free","X API (paid); no public feed","X/Twitter","@J_JHelin","Black Bird Group co-founder; same methodology and caveats as the group's map. Reliable, non-sensational, Western perspective.","Frontline analysis threads and Black Bird Group map updates.","2026-08-19"
"Jomini of the West","https://x.com/JominiW","Milblogger/Telegram","Independent OSINT","Western","English","Mixed","Daily","Free","X API (paid); no public feed","X/Twitter","@JominiW","Retired US Army officer (Ivan Torres), senior Russian-forces analyst at Rochan Consulting. Doctrinally literate operational analysis with clearly labelled assessments; Western/pro-Ukrainian perspective, aggregates OSINT rather than doing his own geolocation.","Operational-level assessments of Russian and Ukrainian campaigns, force-ratio and sustainment analysis.","2026-08-19"
"Konrad Muzyka (Rochan Consulting)","https://x.com/konrad_muzyka","Milblogger/Telegram","Commercial","Western","English","Mixed","Daily","Freemium","X API (paid); no public feed","X/Twitter","@konrad_muzyka","Independent defence analyst covering Russia and Belarus; Rochan Consulting (rochan-consulting.com) sells subscription Ukraine Conflict Monitor reports with maps. Track record is strong and sober, incorporates both sides' claims; the detailed sector mapping sits behind a paywall.","Paid periodic conflict-monitor reports with sector maps, plus free daily commentary on Russian/Belarusian forces.","2026-08-19"
"M0nstas","https://x.com/M0nstas","Milblogger/Telegram","Independent OSINT","Western","English","Settlement-level polygons","Daily","Free","X API (paid); no public feed","X/Twitter","@M0nstas","Maintains a detailed multi-layer Ukraine war map (unit positions, competing frontline layers, strike data, fortifications). Data-forward and sourced, but a one-person effort with uneven update latency across sectors.","Interactive multi-layer war map combining frontline, unit and infrastructure data, plus update posts.","2026-08-19"
"Mark Krutov (RFE/RL)","https://x.com/kromark","Milblogger/Telegram","Media","Western","Russian, English","Point-geolocated incidents","Daily","Free","X API (paid); no public feed","X/Twitter","@kromark","RFE/RL Russian Service correspondent doing rigorous OSINT investigations (satellite imagery, Russian document leaks). High reliability with published evidence; investigative cadence rather than live frontline tracking.","OSINT investigations into Russian strikes, units, elites and losses, often with satellite imagery.","2026-08-19"
"Michael Kofman","https://x.com/KofmanMichael","Milblogger/Telegram","Think Tank/NGO","Western","English","Narrative/no coordinates","Daily","Free","X API (paid); no public feed","X/Twitter","@KofmanMichael","Carnegie Endowment senior fellow; high-credibility strategic/operational analysis based on repeated front-line research trips with Rob Lee and Konrad Muzyka. Deliberately avoids day-to-day map claims, so useless for pinpointing events but excellent for interpreting them.","Strategic and operational assessments of the war, Russian military reconstitution and force-quality trends.","2026-08-19"
"Michael MacKay","https://x.com/mhmck","Milblogger/Telegram","Milblogger","Western","English","Oblast-level","Multiple daily","Free","X API (paid); no public feed","X/Twitter","@mhmck","Canadian chronicler who systematically transcribes Ukrainian General Staff operational reports into English, direction by direction (also on Bluesky). Valuable as a structured English mirror of official Ukrainian claims; strongly pro-Ukrainian and it inherits the General Staff's biases wholesale.","English renderings of AFU General Staff situation reports naming settlements per direction, plus advocacy commentary.","2026-08-19"
"MilitaryLand.net","https://t.me/militarylandnet","Milblogger/Telegram","Independent OSINT","Western","English","Settlement-level polygons","Daily","Free","None (site scrape; no public API)","Telegram","@militarylandnet","Czech-run unit database and daily frontline reports (militaryland.net/maps). Best open source for Ukrainian and Russian unit locations and orders of battle; the map is coarser than DeepState's and the Telegram channel blocks web preview, so scrape the website instead.","Daily frontline situation reports by direction plus a maintained database of Ukrainian and Russian units and their sectors.","2026-08-19"
"Moklasen","https://x.com/moklasen","Milblogger/Telegram","Independent OSINT","Western","English","Point-geolocated incidents","Daily","Free","X API (paid); no public feed","X/Twitter","@moklasen","Strong geolocation practitioner: establishes coordinates for strikes and identifies Russian systems from reconnaissance-drone footage. Pro-Ukrainian, but publishes the imagery and reasoning behind each placement.","Geolocation of strike video, identification of Russian air-defence/EW/artillery systems in occupied areas.","2026-08-19"
"Naalsio (Naalsio26)","https://x.com/Naalsio26","Milblogger/Telegram","Independent OSINT","Western","English","Point-geolocated incidents","Daily","Free","X API (paid); no public feed","X/Twitter","@Naalsio26","Specialist in visually-confirmed equipment losses and Russian unit identification; contributor to Oryx and WarSpotting. Rigorous coordinate-level work with per-item evidence; counts are conservative by design (visual confirmation only).","Geolocated equipment-loss tallies by offensive/sector and unit attribution work.","2026-08-19"
"NOELREPORTS","https://t.me/s/noel_reports","Milblogger/Telegram","Independent OSINT","Western","English","Point-geolocated incidents","Multiple daily","Free","Telegram Bot API / t.me/s scrape","Telegram","@noel_reports","Belgian-run pro-Ukrainian OSINT feed (~35K on Telegram, larger on X as @NOELreports; also noelreports.com). Mostly aggregates and translates Ukrainian sources with a positive slant; geolocation is inherited from others rather than done in-house, so verify claimed positions.","English-language aggregation of frontline video, strike reports and Ukrainian claims, plus a map dashboard.","2026-08-19"
"OSINTdefender","https://x.com/sentdefender","Milblogger/Telegram","Milblogger","Western","English","Narrative/no coordinates","Real-time","Free","X API (paid); no public feed","X/Twitter","@sentdefender","Very large fast-breaking military-news account. Low reliability relative to its reach: repeatedly amplified unverified or wrong claims early in events, no geolocation, and frequently reposts other channels without attribution. Use only as a tripwire, never as evidence.","Rapid breaking claims on strikes, escalation and military movements across Ukraine and other conflicts.","2026-08-19"
"OSINTtechnical","https://x.com/Osinttechnical","Milblogger/Telegram","Independent OSINT","Western","English","Point-geolocated incidents","Multiple daily","Free","X API (paid); no public feed","X/Twitter","@Osinttechnical","Large, well-established Western OSINT account with good weapons-identification track record. Pro-Ukrainian; posts footage quickly with light verification, and its Telegram mirror @osinttechnical has been dormant since 2022, so use X.","Weapons identification, strike footage and equipment-loss documentation.","2026-08-19"
"Pasi Paroinen (Black Bird Group)","https://x.com/Inkvisiit","Milblogger/Telegram","Independent OSINT","Western","Finnish, English","Settlement-level polygons","Daily","Free","X API (paid); no public feed","X/Twitter","@Inkvisiit","Black Bird Group analyst; detailed force-grouping and terrain analysis, much of it in Finnish. Careful and evidence-led, willing to state that Ukrainian positions are deteriorating; language is a barrier for automated ingestion.","Sector situation reviews, Russian grouping estimates and mapping commentary.","2026-08-19"
"Playfra0","https://x.com/Playfra0","Milblogger/Telegram","Independent OSINT","Western","English","Settlement-level polygons","Irregular","Free","X API (paid); no public feed","X/Twitter","@Playfra0","Produces fortification and terrain-focused Ukraine mapping with topographic layers. Strong on engineering/fortification geospatial detail; not a daily frontline tracker.","Mapping of Russian and Ukrainian fortification lines, terrain analysis and visualisation layers.","2026-08-19"
"Rob Lee","https://x.com/RALee85","Milblogger/Telegram","Think Tank/NGO","Western","English","Narrative/no coordinates","Multiple daily","Free","X API (paid); no public feed","X/Twitter","@RALee85","FPRI senior fellow; among the most reliable Western commentators on Russian military affairs, travels repeatedly to Ukraine and sources from Ukrainian units. Careful about uncertainty and openly reports Ukrainian setbacks; not a mapper and gives no coordinates.","Analysis of Russian and Ukrainian force employment, drone/artillery trends and campaign trajectory, with curated frontline video.","2026-08-19"
"Rochan Consulting - Ukraine Conflict Monitor","https://rochan-consulting.com/","Milblogger/Telegram","Commercial","Western","English","Settlement-level polygons","Weekly","Paid","None (PDF reports)","Website","rochan-consulting.com","Konrad Muzyka's subscription monitor with mapped sector assessments; among the most professional non-think-tank products and used by defence institutions. Paywalled and weekly, and it aggregates OSINT rather than generating original geolocation.","Subscription reports with frontline maps and assessments of Russian and Ukrainian operations.","2026-08-19"
"Russian milblogger corpus (2022-2023 academic dataset)","https://pmc.ncbi.nlm.nih.gov/articles/PMC12545825/","Milblogger/Telegram","Think Tank/NGO","Western","Russian, English","Narrative/no coordinates","Archived","Free","Downloadable dataset (CSV/JSON per paper)","Website","PMC12545825","Peer-reviewed data paper publishing a curated corpus of posts from 21 leading Russian milblogger channels (Rybar, WarGonzo, Sladkov+, Colonelcassad, Strelkov, Kotsnews, Grey Zone, Voennyi Osvedomitel, MIG Rossii, Kotenok, Bezsonov, ANNA News, Prilepin and others). Static 2022-2023 snapshot - use it to validate channel identities and for NLP baselines, not for current events.","Academic dataset and channel list for the main Russian pro-war Telegram ecosystem.","2026-08-19"
"Ukraine Control Map","https://x.com/UAControlMap","Milblogger/Telegram","Independent OSINT","Western","English","Settlement-level polygons","Daily","Free","X API (paid); no public feed","X/Twitter","@UAControlMap","Independent control-mapping project (uacontrolmap.com) publishing periodic front-change maps and area-change statistics. Reasonably rigorous and quantitative; smaller team means slower updates than DeepState.","Front-line control maps, monthly/weekly territorial-change quantification and sector graphics.","2026-08-19"
"Ukraine Weapons Tracker","https://x.com/UAWeapons","Milblogger/Telegram","Independent OSINT","Western","English","Point-geolocated incidents","Multiple daily","Free","X API (paid); no public feed","X/Twitter","@UAWeapons","Specialised in identifying weapons and vehicles in footage from both sides and attributing losses; strong technical accuracy. Pro-Ukrainian; the Telegram backup @UAWeapons has not posted since 2023, so X is the live feed.","Identification and cataloguing of destroyed/captured equipment with location context where available.","2026-08-19"
"WarTranslated (Dmitri)","https://t.me/s/wartranslated","Milblogger/Telegram","Independent OSINT","Western","English, Russian, Ukrainian","Narrative/no coordinates","Multiple daily","Free","Telegram Bot API / t.me/s scrape","Telegram","@wartranslated","Translation-focused project (also x.com/wartranslated). Translations are accurate and clearly attributed to the original channel, which makes it valuable for reading Russian milblogger claims; it does no independent verification, so the underlying claim can still be propaganda.","English translations of Russian and Ukrainian soldier/milblogger material, interviews and intercepts.","2026-08-19"
"Al Jazeera — Ukraine maps and war coverage","https://www.aljazeera.com/news/2026/2/24/mapping-russian-attacks-and-territorial-gains-across-ukraine","News Media","Media","International/Neutral","English; Arabic","Settlement-level polygons","Multiple daily","Free","RSS","Website","https://www.aljazeera.com/xml/rss/all.xml","Qatari-funded international broadcaster; its interactive/Sanad verification unit sources maps to ISW and dates them clearly.","Publishes recurring free-to-read mapped explainers of Russian attacks and territorial gains, plus a long-running maps-and-charts live tracker. Free site-wide RSS and free access make it a practical Western-style map source for aggregation.","2026-08-19"
"NEXTA","https://t.me/s/nexta_live","News Media","Media","International/Neutral","Russian; English","Point-geolocated incidents","Real-time","Free","Telegram Bot API","Telegram","@nexta_live","Belarusian-founded exile media project; very fast aggregator with pro-Ukrainian framing and inconsistent verification of the footage it republishes.","Extremely high-volume aggregation of strike and frontline video from both sides, useful as a discovery firehose for clips to geolocate independently.","2026-08-19"
"Agentstvo (agents.media)","https://www.agents.media/","News Media","Media","Russian","Russian","Narrative/no coordinates","Multiple daily","Free","RSS","Website","https://www.agents.media/feed/ ; Telegram @agentstvonews","Russian exile news project focused on debunking Russian official narratives; concise, sources every claim.","Rapid fact-checking of Russian MoD territorial claims against OSINT mapping — useful as a corrective on Russian-side capture announcements. RSS at agents.media/feed/ (the agentstvo.media/.press domains do not resolve).","2026-08-19"
"ASTRA","https://t.me/s/astrapress","News Media","Media","Russian","Russian","Point-geolocated incidents","Real-time","Free","Telegram Bot API","Telegram","@astrapress","Russian exile investigative Telegram outlet; frequently first with strike-damage geolocation inside Russia, generally reliable but Telegram-native and lightly edited.","Telegram-first outlet reporting drone and missile impacts inside Russia and occupied territory with addresses, coordinates and resident video. Web preview at t.me/s/astrapress is scrapeable; no website RSS.","2026-08-19"
"Baza (Telegram)","https://t.me/s/bazabazon","News Media","Media","Russian","Russian","Point-geolocated incidents","Real-time","Free","Telegram Bot API","Telegram","@bazabazon","Russian incident-reporting Telegram outlet with security-services sourcing; fast and often accurate on locations but state-adjacent and prone to unverified claims.","Reports drone impacts, explosions and casualties inside Russia and occupied areas with addresses and eyewitness video, often minutes ahead of official confirmation.","2026-08-19"
"Interfax Russia","https://www.interfax.ru/rss","News Media","Media","Russian","Russian","Oblast-level","Real-time","Free","RSS","Website","https://www.interfax.ru/rss","Russian commercial wire operating under Russian censorship law; factual agency style within permitted bounds.","Fast wire copy on Russian MoD statements and regional emergency reports useful for cross-referencing strike locations inside Russia. Live RSS.","2026-08-19"
"IStories (Important Stories / Vazhnye Istorii)","https://istories.media/","News Media","Media","Russian","Russian; English","Narrative/no coordinates","Daily","Free","RSS","Website","https://istories.media/rss/all.xml ; https://istories.media/en/rss/all.xml ; Telegram @istories_media","Russian exile investigative outlet designated 'undesirable'; document- and data-driven, high verification standards.","Data investigations into Russian military production, casualties and occupied-territory governance. Both language RSS feeds live (~30 items); note /rss/ returns 403 while /rss/all.xml works.","2026-08-19"
"Kommersant","https://www.kommersant.ru/RSS/news.xml","News Media","Media","Russian","Russian","Oblast-level","Real-time","Free","RSS","Website","https://www.kommersant.ru/RSS/news.xml","Russian business daily, now operating within Russian wartime censorship; more measured than state agencies but constrained.","Russian domestic reporting including regional-governor statements about drone strikes on Russian territory. Live RSS.","2026-08-19"
"Mediazona (Zona.media)","https://en.zona.media/","News Media","Media","Russian","Russian; English","Narrative/no coordinates","Multiple daily","Free","RSS","Website","https://zona.media/rss ; Telegram @mediazzzona ; datasets at https://github.com/mediazona","Russian independent outlet, banned in Russia; best-in-class quantitative methodology, publishes source data and code.","Runs the continuously updated confirmed-Russian-military-deaths count (https://en.zona.media/article/.../casualties_eng) built from open obituaries and probate records — a rare newsroom dataset, with repos on GitHub. RSS returns ~50 items.","2026-08-19"
"Meduza — Ukraine war coverage","https://meduza.io/rss/en/all","News Media","Media","Russian","Russian; English","Narrative/no coordinates","Multiple daily","Free","RSS","Website","https://meduza.io/rss/all (RU) ; https://meduza.io/rss/en/all (EN) ; Telegram @meduzalive","Latvia-based Russian exile outlet, designated 'undesirable' by Russia; rigorous, explicitly labels unverified Russian and Ukrainian claims.","Daily war digests that cross-check Russian MoD, Ukrainian General Staff and OSINT claims, plus investigations into strike attribution. Both language RSS feeds return ~30 items; Telegram @meduzalive is the fastest channel.","2026-08-19"
"Novaya Gazeta Europe","https://novayagazeta.eu/","News Media","Media","Russian","Russian; English","Narrative/no coordinates","Multiple daily","Free","RSS","Website","https://novayagazeta.eu/feed/rss ; Telegram @novaya_europe","Exile continuation of Novaya Gazeta after its Russian suspension; investigative, strongly anti-war, careful attribution.","Investigations into Russian strike units, occupied-territory administration and casualty data, plus daily war news. RSS at /feed/rss returns ~100 items (note: /rss and /rss.xml fail).","2026-08-19"
"Readovka","https://t.me/s/readovkanews","News Media","Media","Russian","Russian","Oblast-level","Real-time","Free","Telegram Bot API","Telegram","@readovkanews","Pro-Kremlin Russian Telegram-first outlet; nationalist framing and frequently unverified frontline claims — a Russian-narrative sample, not a source of truth.","Aggregates Russian-side frontline claims and strike reports; valuable for tracking what the Russian information space asserts about specific settlements. Website readovka.news blocks bots (403).","2026-08-19"
"RIA Novosti","https://ria.ru/export/rss2/archive/index.xml","News Media","Media","Russian","Russian","Oblast-level","Real-time","Free","RSS","Website","https://ria.ru/export/rss2/archive/index.xml ; Telegram @ria_news","Russian state-owned agency under Rossiya Segodnya — propaganda; claims require independent verification.","High-volume Russian-side reporting of MoD claims, 'liberated' settlement announcements and occupied-territory administration. Archive RSS is live and fast.","2026-08-19"
"SHOT (Telegram)","https://t.me/s/shot_shot","News Media","Media","Russian","Russian","Point-geolocated incidents","Real-time","Free","Telegram Bot API","Telegram","@shot_shot","Russian tabloid-style incident Telegram channel with siloviki sourcing; high speed, low verification, occasional deliberate disinformation.","Rapid geolocated reports of strikes and air-defence activity inside Russia. Useful as an early-warning tripwire that must be corroborated before use.","2026-08-19"
"Sirena (Telegram)","https://t.me/s/news_sirena","News Media","Media","Russian","Russian","Point-geolocated incidents","Real-time","Free","Telegram Bot API","Telegram","@news_sirena","Independent Russian-language Telegram news project, anti-war; aggregates and cross-checks local Russian reports.","Aggregates locally sourced reports of strikes and explosions in Russian regions and occupied territory, often with location detail.","2026-08-19"
"TASS","https://tass.com/russia","News Media","Media","Russian","Russian; English","Oblast-level","Real-time","Free","RSS","Website","https://tass.com/rss/v2.xml (EN) ; https://tass.ru/rss/v2.xml (RU) ; Telegram @tass_agency","Russian state news agency — propaganda outlet; use strictly as a record of official Russian claims, never as verification.","Carries Russian MoD daily briefings and settlement-capture announcements, essential for logging the Russian-claim side of contested locations. Clean RSS in both languages.","2026-08-19"
"The Insider (theins.ru / theins.press)","https://theins.press/en","News Media","Media","Russian","Russian; English","Point-geolocated incidents","Multiple daily","Free","RSS","Website","https://theins.ru/feed ; https://theins.press/feed","Russian exile investigative outlet, Bellingcat partner; strong on identification of Russian officers and missile-strike attribution.","Investigations that name the Russian units and individuals behind specific geolocated strikes, alongside daily war news. Use /feed (returns ~50 items); /rss returns HTML.","2026-08-19"
"Verstka (Vyorstka)","https://verstka.media/","News Media","Media","Russian","Russian","Narrative/no coordinates","Daily","Free","RSS","Website","https://verstka.media/feed ; Telegram @verstka_media","Russian exile outlet with unusually good access to Russian military families and regional sources; anti-war stance.","Reporting on Russian units, mobilisation and losses that occasionally pins formations to specific frontline sectors. RSS at /feed (~10 items).","2026-08-19"
"0629.com.ua (Mariupol)","https://www.0629.com.ua/","News Media","Media","Ukrainian","Ukrainian; Russian","Point-geolocated incidents","Daily","Free","RSS","Website","https://www.0629.com.ua/rss","City-portal network outlet for occupied Mariupol, run in exile; mixes resident reports and occupation-media monitoring, so individual items need corroboration.","One of very few continuing sources on events inside occupied Mariupol at street level. Live RSS; part of a wider 0XXX city-portal network with equivalents for other frontline cities.","2026-08-19"
"ArmyInform","https://armyinform.com.ua/","News Media","Media","Ukrainian","Ukrainian","Oblast-level","Multiple daily","Free","RSS","Website","https://armyinform.com.ua/feed/","Information agency of Ukraine's Ministry of Defence — official military voice, not independent.","Publishes General Staff operational updates, sector-by-sector combat-clash tallies and named-axis reporting (Pokrovsk, Lyman, Kupiansk axes). Working WordPress RSS makes the daily official frontline breakdown machine-readable.","2026-08-19"
"Babel (babel.ua)","https://babel.ua/","News Media","Media","Ukrainian","Ukrainian; English; Russian","Narrative/no coordinates","Multiple daily","Free","RSS","Website","https://babel.ua/rss.xml ; Telegram @theBabel","Independent Ukrainian outlet with a plain-language, explicitly fact-checked house style and clear separation of claim from confirmation.","Daily war news and explainers, including day-by-day frontline summaries. Its RSS at /rss.xml is unusually deep (170+ items per pull), useful for backfilling.","2026-08-19"
"Censor.NET — war news","https://censor.net/en/news/all","News Media","Media","Ukrainian","Ukrainian; Russian; English","Point-geolocated incidents","Real-time","Free","Telegram Bot API","Website","Telegram @censor_net ; documented RSS https://censor.net/include/rss_all_news_uk.xml (bot-blocked)","Run by Yurii Butusov; aggressively critical of Ukrainian command and fast to publish frontline video, but sometimes ahead of confirmation.","High-volume war news with frontline video and named-settlement claims, often earlier than official statements. Both the site and its RSS return 403 to non-browser clients, so use Telegram @censor_net or Butusov's own @ButusovPlus.","2026-08-19"
"Ekonomichna Pravda (Ukrainska Pravda group)","https://epravda.com.ua/rss/","News Media","Media","Ukrainian","Ukrainian","Oblast-level","Multiple daily","Free","RSS","Website","https://www.epravda.com.ua/rss/","Business arm of Ukrainska Pravda; reliable on infrastructure and energy-strike damage with named facilities.","Valuable for locating strikes on energy and industrial infrastructure, which are often reported by facility name rather than settlement. Live RSS.","2026-08-19"
"Espreso.TV","https://espreso.tv/rss","News Media","Media","Ukrainian","Ukrainian; Russian; English","Oblast-level","Real-time","Free","RSS","Website","https://espreso.tv/rss ; Telegram @espresotv","Ukrainian TV news channel; patriotic framing, hosts frequent military-expert commentary of varying rigour.","Continuous war news feed and frontline video segments, plus daily military-expert map explainers on YouTube. RSS live with ~40 items.","2026-08-19"
"Gwara Media (Kharkiv)","https://gwaramedia.com/en/","News Media","Media","Ukrainian","Ukrainian; English","Point-geolocated incidents","Daily","Free","RSS","Website","https://gwaramedia.com/feed/ ; Telegram @gwaramedia","Kharkiv-based independent outlet that also runs the Perevirka fact-checking bot; verification-oriented.","Local frontline oblast coverage of shelling and strikes in Kharkiv region, typically naming villages and districts. Live RSS plus a fact-checking arm that debunks fake geolocated claims.","2026-08-19"
"Hromadske","https://hromadske.ua/","News Media","Media","Ukrainian","Ukrainian; English","Narrative/no coordinates","Daily","Free","Scrapeable HTML","Website","Telegram @hromadske","Public-interest independent Ukrainian broadcaster/outlet with a documentary and human-rights bent; careful attribution.","Frontline and occupied-territory reporting, deportation and war-crimes documentation with settlement-level detail. No working RSS found (all common paths 404) — scrape HTML or use Telegram @hromadske.","2026-08-19"
"Hromadske Radio","https://hromadske.radio/","News Media","Media","Ukrainian","Ukrainian","Narrative/no coordinates","Daily","Free","RSS","Website","https://hromadske.radio/rss","Independent Ukrainian public-interest radio; interview-led, careful sourcing.","Frontline-community and displaced-persons reporting, plus interviews with local officials that surface settlement-level detail. Live RSS (~20 items).","2026-08-19"
"Interfax-Ukraine","https://en.interfax.com.ua/news/general.html","News Media","Media","Ukrainian","Ukrainian; Russian; English","Oblast-level","Multiple daily","Freemium","Scrapeable HTML","Website","","Commercial Ukrainian wire; sober, attribution-heavy agency copy, premium terminal products behind paywall.","Wire reporting on military and regional-administration statements, useful as a second attribution for strike and frontline claims. No RSS endpoint found; free web feed is scrapeable, full agency product is paid.","2026-08-19"
"Kyiv Post","https://www.kyivpost.com/","News Media","Media","Ukrainian","English","Narrative/no coordinates","Daily","Freemium","Scrapeable HTML","Website","","Ukraine's oldest English-language paper; relaunched under new ownership in 2022 with a more opinionated line than pre-war.","English-language war reporting and frontline analysis columns. Its edge server returns HTTP 400 to all non-browser clients including /feed and /rss, so no reliable machine-readable ingest was found.","2026-08-19"
"LIGA.net","https://www.liga.net/ua","News Media","Media","Ukrainian","Ukrainian; Russian; English","Oblast-level","Real-time","Free","RSS","Website","https://news.liga.net/ua/all/rss.xml ; Telegram @LIGAnet","Established Ukrainian business-and-politics outlet; mainstream, reasonably rigorous, pro-Ukrainian.","Politics/security news desk covering strikes and frontline developments with oblast and settlement naming. Per-vertical RSS feeds (news, biz, tech, finance) are all live.","2026-08-19"
"Militarnyi (mil.in.ua)","https://militarnyi.com/en/","News Media","Media","Ukrainian","Ukrainian; English","Point-geolocated incidents","Multiple daily","Free","RSS","Website","https://militarnyi.com/uk/feed/ ; https://militarnyi.com/en/feed/ ; Telegram @militarniy","Specialist Ukrainian defence-industry and military outlet; technically literate, sources OSINT footage and identifies weapon systems, pro-Ukrainian framing.","Weapons-identification and frontline-technology reporting that pins strikes and equipment losses to named locations. WordPress RSS feeds exist for both languages though item counts are thin; Telegram @militarniy is the fuller stream.","2026-08-19"
"Nakypilo (Kharkiv)","https://nakypilo.ua/","News Media","Media","Ukrainian","Ukrainian","Point-geolocated incidents","Daily","Free","RSS","Website","https://nakypilo.ua/feed/","Kharkiv independent media hub; local reporting on strikes with municipal-authority attribution.","Street- and district-level reporting of strikes on Kharkiv city and border-area settlements. Live RSS; note the domain moved from nakipelo.ua to nakypilo.ua.","2026-08-19"
"NikVesti (Mykolaiv)","https://nikvesti.com/","News Media","Media","Ukrainian","Ukrainian","Point-geolocated incidents","Daily","Free","RSS","Website","https://nikvesti.com/rss.xml","Mykolaiv-region independent outlet; solid local sourcing on strikes and southern-axis events.","Local coverage of strikes on Mykolaiv and Kinburn/Ochakiv-area events with settlement naming. RSS at /rss.xml.","2026-08-19"
"Novosti Donbassa","https://novosti.dn.ua/","News Media","Media","Ukrainian","Ukrainian; Russian","Point-geolocated incidents","Daily","Free","RSS","Website","https://novosti.dn.ua/feed/","Displaced Donetsk-region independent outlet; focuses on occupied territory, relies on resident sources and occupation-administration monitoring.","Reports on strikes, mobilisation and administration in occupied Donbas settlements, complementing Ukrainian-side frontline reporting. RSS at /feed/ (also reachable via /rss).","2026-08-19"
"Novynarnia","https://novynarnia.com/","News Media","Media","Ukrainian","Ukrainian","Point-geolocated incidents","Daily","Free","RSS","Website","https://novynarnia.com/feed/ ; Telegram @novynarnia","Small Ukrainian military-affairs outlet staffed by veteran defence correspondents; well-sourced inside the armed forces.","Unit-level and axis-level frontline reporting, brigade identifications and equipment losses tied to named settlements. Live WordPress RSS.","2026-08-19"
"NV (Novoye Vremya / New Voice of Ukraine)","https://nv.ua/rss/all.xml","News Media","Media","Ukrainian","Ukrainian; Russian; English","Oblast-level","Real-time","Freemium","RSS","Website","https://nv.ua/rss/all.xml ; Telegram @novoye_vremya","Mainstream Ukrainian news magazine; reliable mainstream reporting, some analysis behind subscription.","Rolling war coverage plus commentary; the English edition (english.nv.ua) is widely syndicated. Site-wide RSS is live and returns ~40 items; English subdomain blocks bots.","2026-08-19"
"OstroV (ostro.org) — Donbas","https://www.ostro.org/","News Media","Media","Ukrainian","Ukrainian; Russian","Point-geolocated incidents","Daily","Free","RSS","Website","https://www.ostro.org/rssfeed/news.xml ; https://www.ostro.org/rssfeed/rss.xml ; https://www.ostro.org/rssfeed/rss_ru.xml","Long-running Donbas-focused Ukrainian outlet covering both government-held and occupied areas; sources include occupied-territory residents.","One of the few outlets systematically covering occupied Donetsk/Luhansk settlements, useful for events behind the line. Multiple language-specific RSS feeds.","2026-08-19"
"RBC-Ukraine","https://www.rbc.ua/rus/news","News Media","Media","Ukrainian","Ukrainian; Russian; English","Oblast-level","Real-time","Free","RSS","Website","https://www.rbc.ua/static/rss/all.ukr.rss.xml ; Telegram @rbc_ua_news","Large commercial Ukrainian news agency; fast aggregation of official and Telegram sources, moderate verification.","Very high-volume news feed covering strikes, air alerts and frontline claims by oblast. Its all-news RSS returns hundreds of items per pull, making it good bulk-ingest material.","2026-08-19"
"Realna Viina (Real War)","https://t.me/s/voynareal","News Media","Media","Ukrainian","Ukrainian","Point-geolocated incidents","Real-time","Free","Telegram Bot API","Telegram","@voynareal","Popular Ukrainian war-news Telegram channel; aggregates official and OSINT claims with pro-Ukrainian framing and light verification.","Rapid frontline and strike reporting keyed to named settlements and axes; useful as a cross-check on other Ukrainian Telegram aggregators.","2026-08-19"
"Slidstvo.Info","https://www.slidstvo.info/","News Media","Media","Ukrainian","Ukrainian; English","Point-geolocated incidents","Weekly","Free","RSS","Website","https://www.slidstvo.info/feed/","Ukrainian investigative journalism agency; documents-and-geolocation methodology, partners with international investigative consortia.","Investigative war-crimes and strike-attribution work, frequently geolocating specific attack sites and identifying Russian units. Live RSS.","2026-08-19"
"Suspilne — War section and regional frontline newsrooms","https://suspilne.media/war/","News Media","Media","Ukrainian","Ukrainian","Point-geolocated incidents","Real-time","Free","Telegram Bot API","Website","Telegram @suspilnenews; regional: @suspilnekharkiv, @suspilnesumy","Ukraine's public broadcaster; editorially cautious, attributes to local authorities and its own regional correspondents, generally the best local-authority-level source.","National public broadcaster with 24 regional newsrooms that post shelling/strike reports at settlement and even street level, including frontline oblasts. Website and RSS are hard-blocked to non-browser clients (HTTP 403), so scrape the Telegram channels instead.","2026-08-19"
"Texty.org.ua","https://texty.org.ua/","News Media","Media","Ukrainian","Ukrainian; English","Settlement-level polygons","Weekly","Free","RSS","Website","https://texty.org.ua/feed.xml","Ukraine's leading data-journalism nonprofit; methodology-transparent, publishes datasets and code alongside stories.","Data-journalism desk producing mapped investigations — damage to infrastructure, occupied-territory analysis, disinformation mapping — often with downloadable data. RSS at /feed.xml (not /rss/); Telegram @textyorgua.","2026-08-19"
"The Kyiv Independent — War coverage","https://kyivindependent.com/tag/war/","News Media","Media","Ukrainian","English","Point-geolocated incidents","Multiple daily","Freemium","RSS","Website","https://kyivindependent.com/news-archive/rss/","English-language Ukrainian outlet founded by ex-Kyiv Post staff; strong sourcing discipline, names settlements and cites General Staff/DeepState/ISW for territorial claims.","Rolling war desk with named-settlement reporting, on-the-ground frontline dispatches and daily General Staff summaries. Working RSS at /news-archive/rss/ plus Telegram mirror @kyivindependent_official; some longform is member-only.","2026-08-19"
"TRUKHA Ukraine","https://t.me/s/trukha_ukraine","News Media","Media","Ukrainian","Ukrainian","Point-geolocated incidents","Real-time","Free","Telegram Bot API","Telegram","@trukha_ukraine","Very large Ukrainian Telegram news aggregator; extremely fast but minimal verification and has repeatedly carried false claims — corroborate everything.","Firehose of air-alert, strike and frontline reports usually naming the oblast or city within minutes, useful as a discovery layer only.","2026-08-19"
"Ukrainska Pravda — War section","https://www.pravda.com.ua/eng/rss/","News Media","Media","Ukrainian","Ukrainian; English; Russian","Point-geolocated incidents","Real-time","Free","RSS","Website","https://www.pravda.com.ua/rss/ (UA), https://www.pravda.com.ua/eng/rss/ (EN), https://www.pravda.com.ua/rss/view_news/","Ukraine's leading independent daily; fast but frequently republishes official/military claims, attributed rather than independently verified.","High-volume feed of strikes, casualties and frontline movement, usually naming the settlement and oblast. Multiple working RSS endpoints (news, publications, EN) plus Telegram @ukrpravda_news; HTML pages are Cloudflare-protected against bots.","2026-08-19"
"Ukrinform — ATO/war rubric","https://www.ukrinform.net/rubric-ato","News Media","Media","Ukrainian","Ukrainian; English; Russian; German; Spanish; French; Chinese; Japanese","Oblast-level","Multiple daily","Free","RSS","Website","https://www.ukrinform.net/rss/rubric-ato ; https://www.ukrinform.ua/rss/rubric-ato ; https://www.ukrinform.net/rss/block-lastnews ; Telegram @ukrinform_news","Ukraine's state news agency — official perspective; reliable for what officials said, not an independent check on it.","Dedicated ATO/war rubric carrying General Staff and regional-administration statements naming oblasts and settlements. Clean per-rubric RSS in several languages makes it one of the easiest official-claim feeds to ingest.","2026-08-19"
"UNIAN","https://www.unian.info/","News Media","Media","Ukrainian","Ukrainian; Russian; English","Oblast-level","Real-time","Free","RSS","Website","https://rss.unian.net/site/news_eng.rss ; https://rss.unian.net/site/news_ukr.rss","Major commercial Ukrainian agency; very fast, aggregates heavily from Telegram and officials with light verification.","Bulk war news volume including air-alert, strike and frontline-claim items by oblast. Separate live RSS endpoints per language on rss.unian.net.","2026-08-19"
"United24 Media","https://united24media.com/","News Media","Media","Ukrainian","English","Narrative/no coordinates","Multiple daily","Free","Scrapeable HTML","Website","","Media arm connected to Ukraine's United24 state fundraising platform — treat as Ukrainian government-aligned messaging.","English-language war news and frontline explainers aimed at international audiences. No RSS found (/feed 404s).","2026-08-19"
"Vgoru (Kherson)","https://vgoru.org/","News Media","Media","Ukrainian","Ukrainian","Point-geolocated incidents","Daily","Free","RSS","Website","https://vgoru.org/rss-google.xml","Kherson-region independent outlet reporting from both banks of the Dnipro; local-authority sourcing.","Daily shelling and drone-strike reporting for Kherson city districts and left-bank occupied settlements. RSS at /rss-google.xml (plain /feed 404s).","2026-08-19"
"Zaborona","https://zaborona.com/","News Media","Media","Ukrainian","Ukrainian; English","Narrative/no coordinates","Archived","Free","None","Website","","Formerly a respected independent Ukrainian investigative outlet; as of August 2026 the site displays 'Seven Years of Journalism was Deleted' and its archive is gone.","DEAD/ARCHIVED: the live archive has been removed and the RSS feed returns HTML, so only Web Archive copies of its occupied-territory and war-crimes investigations remain usable.","2026-08-19"
"Agence France-Presse (AFP) and AFP Fact Check","https://www.afp.com/en","News Media","Media","Western","English; French","Narrative/no coordinates","Multiple daily","Paid","None","Website","","Global wire; AFP Fact Check maintains a dedicated debunking operation for miscaptioned and mislocated war footage.","AFP frontline reporting is distributed to subscribers rather than published openly, so its value here is via clients and via AFP Fact Check debunks of geolocated fakes (factcheck.afp.com blocks bots with 403).","2026-08-19"
"Associated Press — Russia-Ukraine war hub","https://apnews.com/hub/russia-ukraine","News Media","Media","Western","English","Narrative/no coordinates","Multiple daily","Free","Scrapeable HTML","Website","","Non-profit wire with rigorous standards and its own frontline photographers/videographers; explicit about unverifiable battlefield claims.","Continuous wire coverage plus datelined dispatches from frontline cities, valuable for independent confirmation of events at named settlements. The hub page resolves but all AP RSS endpoints tested (apnews.com/index.rss, feeds.apnews.com) now fail.","2026-08-19"
"BBC Russian","https://www.bbc.com/russian","News Media","Media","Western","Russian","Point-geolocated incidents","Multiple daily","Free","RSS","Website","https://feeds.bbci.co.uk/russian/rss.xml ; Telegram @bbcrussian","BBC World Service Russian service, blocked inside Russia; independent verification of both sides' claims.","Russian-language war reporting with regular OSINT-based frontline pieces and geolocation of contested settlements. Live RSS plus Telegram.","2026-08-19"
"BBC Ukrainian","https://www.bbc.com/ukrainian","News Media","Media","Western","Ukrainian","Point-geolocated incidents","Multiple daily","Free","RSS","Website","https://feeds.bbci.co.uk/ukrainian/rss.xml ; Telegram @bbcukrainian","BBC World Service language service; same editorial standards, closer local sourcing than the English service.","Ukrainian-language war coverage including frontline explainers and map-based analyses of Russian advances. Live RSS (~17 items) plus Telegram mirror.","2026-08-19"
"BBC — War in Ukraine and BBC Verify","https://www.bbc.com/news/war-in-ukraine","News Media","Media","Western","English","Point-geolocated incidents","Multiple daily","Free","RSS","Website","https://feeds.bbci.co.uk/news/world/europe/rss.xml","Publicly funded UK broadcaster with a formal editorial-standards regime; BBC Verify shows its geolocation and satellite-imagery working.","BBC Verify (bbc.co.uk/news/bbcverify) publishes step-by-step OSINT verification of strike sites, satellite comparisons and frontline claims. Europe RSS is live; there is no dedicated Ukraine-topic RSS.","2026-08-19"
"CNN — Ukraine","https://edition.cnn.com/world/europe/ukraine","News Media","Media","Western","English","Narrative/no coordinates","Multiple daily","Free","Scrapeable HTML","Website","","US broadcaster with correspondents in Ukraine; generally careful, labels unverified footage.","Rolling coverage and live updates from frontline cities. Section page resolves; the legacy rss.cnn.com feeds no longer resolve.","2026-08-19"
"Current Time TV (Nastoyashcheye Vremya)","https://www.currenttime.tv/","News Media","Media","Western","Russian","Point-geolocated incidents","Multiple daily","Free","RSS","Website","https://www.currenttime.tv/api/zrqiteuuir ; Telegram @currenttime","RFE/RL and VOA Russian-language TV network; independent of the Kremlin, US-funded, verification-oriented.","Russian-language war video journalism including verified strike footage and frontline reports. RSS endpoint live.","2026-08-19"
"Deutsche Welle — war in Ukraine (EN and UK)","https://www.dw.com/uk/viina-rosii-proty-ukrainy/t-60899321","News Media","Media","Western","German; English; Ukrainian; Russian","Narrative/no coordinates","Multiple daily","Free","RSS","Website","https://rss.dw.com/rdf/rss-en-all ; https://rss.dw.com/rdf/rss-uk-all","German public international broadcaster; institutionally cautious with battlefield claims, distinguishes claim from confirmation.","Dedicated Ukrainian-language 'Russia's war against Ukraine' topic page plus English coverage and analysis of frontline shifts. Language-wide RSS feeds are live; per-topic feeds are not exposed.","2026-08-19"
"Financial Times — war in Ukraine and FT visual/data journalism","https://www.ft.com/war-in-ukraine","News Media","Media","Western","English","Settlement-level polygons","Daily","Paid","None","Website","","FT's visual-and-data team publishes methodology notes and sources its frontline geometry to ISW/DeepState; high analytic quality.","Recurring Ukraine frontline and territorial-change maps and charts quantifying monthly Russian gains. Hard paywall and Cloudflare 403 to bots; the older ig.ft.com/ukraine-tracker/ standalone tracker is now dead (404).","2026-08-19"
"France 24 — Ukraine","https://www.france24.com/en/europe/rss","News Media","Media","Western","French; English","Narrative/no coordinates","Multiple daily","Free","RSS","Website","https://www.france24.com/en/europe/rss","French public international broadcaster; its Observers/Truth-or-Fake unit debunks mislocated war footage.","Europe desk coverage of the war plus Truth-or-Fake segments verifying and geolocating viral footage. Europe RSS is live; the /en/tag/ukraine/ page 403s to bots.","2026-08-19"
"Krym.Realii (RFE/RL Crimea service)","https://ua.krymr.com/","News Media","Media","Western","Ukrainian; Russian; Crimean Tatar","Point-geolocated incidents","Multiple daily","Free","RSS","Website","https://ua.krymr.com/api/zrqiteuuir ; https://ru.krymr.com/ ; Telegram @krymrealii","RFE/RL project focused on occupied Crimea; relies on resident networks and OSINT, generally reliable with claims attributed.","The most systematic open source on events in occupied Crimea — explosions at airbases, air-defence activity, Russian military movements, usually located to a named town or facility. RSS endpoint resolves but returned no items in testing; Telegram is the reliable channel.","2026-08-19"
"Le Monde — Ukraine (English edition)","https://www.lemonde.fr/en/ukraine/","News Media","Media","Western","French; English","Narrative/no coordinates","Daily","Paid","None","Website","","French paper of record with its own war correspondents and a video-verification desk; careful attribution.","Frontline reporting and mapped analyses of Russian advances. Returns HTTP 402 Payment Required to unauthenticated clients — hard paywall, no usable feed.","2026-08-19"
"POLITICO Europe — Defense","https://www.politico.eu/section/defense/","News Media","Media","Western","English","Narrative/no coordinates","Multiple daily","Freemium","Scrapeable HTML","Website","","Brussels-focused policy outlet; well-sourced on Western policy and intelligence assessments, not a battlefield-mapping source.","Useful for Western intelligence assessments of frontline trends and weapons deliveries rather than event geolocation. The /tag/ukraine/ path 404s; use /section/defense/.","2026-08-19"
"Radio Svoboda (RFE/RL Ukrainian Service) and Skhemy","https://www.radiosvoboda.org/","News Media","Media","Western","Ukrainian","Point-geolocated incidents","Multiple daily","Free","RSS","Website","https://www.radiosvoboda.org/api/zrqiteuuir","RFE/RL's Ukrainian service; Skhemy is a leading investigative unit using satellite imagery and geolocation, with methodology published.","Ukrainian-language frontline and occupied-territory reporting plus Skhemy (radiosvoboda.org/skhemy) investigations that geolocate Russian bases and strike origins. RSS endpoint live with ~20 items.","2026-08-19"
"Reuters — Ukraine coverage and graphics desk","https://www.reuters.com/graphics/","News Media","Media","Western","English","Settlement-level polygons","Multiple daily","Freemium","Scrapeable HTML","Website","","Global wire with the strictest verification standards in the category; frontline maps are explicitly sourced to ISW/DeepState with dating.","Wire reporting plus a graphics desk that publishes recurring Ukraine frontline and strike maps built on ISW/Institute data. reuters.com/world/ukraine/ returns 401 and the UKRAINE-CRISIS graphics paths return 403 to bots; the graphics landing page resolves. Metered paywall.","2026-08-19"
"RFE/RL — Ukraine","https://www.rferl.org/ukraine","News Media","Media","Western","English","Point-geolocated incidents","Multiple daily","Free","RSS","Website","https://www.rferl.org/api/zrqiteuuir","US Congress-funded broadcaster with a firewalled newsroom and a large in-country correspondent network; strong verification, explicit funding disclosure.","Ukraine desk with frontline dispatches and its own OSINT/verification work. The /api/zrqiteuuir RSS endpoint resolves for rferl.org but returned zero items in testing — verify per-section feed IDs before relying on it.","2026-08-19"
"The Economist — Ukraine war fires tracker and war-fire model","https://www.economist.com/interactive/graphic-detail/ukraine-fires","News Media","Media","Western","English","Point-geolocated incidents","Weekly","Freemium","CSV download","Website","https://github.com/TheEconomist/the-economist-war-fire-model","Unusually transparent newsroom modelling — code and data published openly, with stated uncertainty; the underlying satellite fire data is NASA FIRMS.","Continuously updated tracker inferring frontline activity from NASA satellite fire detections, plus monthly territorial-change estimates. The model code and derived data are on GitHub — one of the very few newsroom-published machine-readable conflict datasets. Article paywalled; repo free.","2026-08-19"
"The Guardian — Ukraine","https://www.theguardian.com/world/ukraine","News Media","Media","Western","English","Narrative/no coordinates","Multiple daily","Free","RSS","Website","https://www.theguardian.com/world/ukraine/rss","Free-to-read UK paper with its own Kyiv correspondents; runs a near-daily Ukraine live blog with sourcing labelled.","Rolling live-blog coverage that timestamps and attributes strike and frontline claims to Ukrainian and Russian officials. Section RSS is live and free — one of the easiest Western feeds to ingest.","2026-08-19"
"The New York Times — Ukraine war news event and Visual Investigations","https://www.nytimes.com/news-event/ukraine-russia","News Media","Media","Western","English","Settlement-level polygons","Multiple daily","Paid","Scrapeable HTML","Website","","Leading US paper; its Visual Investigations unit is a gold standard for forensic geolocation of individual strikes, with published methodology.","The news-event hub carries the rolling Ukraine maps (updated territorial-control graphics), while nytimes.com/spotlight/visual-investigations holds frame-by-frame forensic reconstructions of specific attacks with coordinates. Hard paywall; article pages 403 to bots.","2026-08-19"
"The Times (UK) — Russia-Ukraine war","https://www.thetimes.com/world/russia-ukraine-war","News Media","Media","Western","English","Narrative/no coordinates","Daily","Paid","None","Website","","UK paper with embedded frontline correspondents; reporting is strong but analysis is opinionated and paywalled.","Datelined frontline dispatches naming specific settlements and units. Section page resolves; content behind a hard paywall.","2026-08-19"
"The Washington Post — Ukraine war and visual forensics","https://www.washingtonpost.com/world/ukraine-russia-war/","News Media","Media","Western","English","Point-geolocated incidents","Multiple daily","Paid","None","Website","","Major US paper with a strong visual-forensics team; verification-heavy, publishes satellite and video analysis of strike sites.","Publishes forensic reconstructions of individual strikes and periodic frontline/counteroffensive maps. Fully bot-blocked in this environment (connection refused / 403 via WebFetch) and behind a hard paywall — browser access required.","2026-08-19"
"Airwars - Russian military in Ukraine","https://airwars.org/conflicts/russian-military-in-ukraine","OSINT Verification","Think Tank/NGO","International/Neutral","English","Point-geolocated incidents","Weekly","Free","CSV download","Website","","Conservative, source-counted casualty methodology with published confidence gradings; focuses on civilian harm from strikes, not on ground control, and coverage of Ukraine is narrower than its Middle East work.","Incident-by-incident archive of alleged civilian-harm strikes with locations, dates and archived sources - a disciplined dataset for where strikes landed.","2026-08-19"
"Amnesty International Citizen Evidence Lab","https://citizenevidence.org/","OSINT Verification","Think Tank/NGO","International/Neutral","English","Point-geolocated incidents","Irregular","Free","Scrapeable HTML","Website","","Amnesty's verification methodology hub; its 2022 Ukraine reporting drew public criticism over framing, so read conclusions with that controversy in mind.","Publishes Amnesty's digital-verification methodology and worked examples plus the Digital Verification Corps' output - both a training resource and a source of verified Ukraine incident analysis.","2026-08-19"
"Bellingcat - Ukraine investigations","https://www.bellingcat.com/tag/ukraine/","OSINT Verification","Independent OSINT","International/Neutral","English, Russian, Ukrainian","Point-geolocated incidents","Weekly","Free","RSS","Website","https://www.bellingcat.com/feed/","Publishes full methodology and archived source material, the field's de-facto standard; investigation-led rather than continuous, so coverage is deep but sparse.","Forensic geolocation and chronolocation of specific strikes and atrocities in Ukraine, including named-perpetrator work. The methodology write-ups double as teaching material for locating footage yourself.","2026-08-19"
"Berkeley Protocol on Digital Open Source Investigations (UN OHCHR)","https://www.ohchr.org/en/publications/policy-and-methodological-publications/berkeley-protocol-digital-open-source","OSINT Verification","Academic","International/Neutral","English, multiple","N/A (tool)","Archived","Free","None","Website","","A normative standard, not an evidence source; adherence by volunteer geolocators in the Ukraine community is uneven.","The reference methodology for conducting and documenting digital open-source investigations, defining how a frontline video should be collected, verified, geolocated and preserved to evidentiary standard.","2026-08-19"
"Forensic Architecture - Ukraine investigations","https://forensic-architecture.org/category/ukraine","OSINT Verification","Academic","International/Neutral","English","Point-geolocated incidents","Irregular","Free","Scrapeable HTML","Website","","Goldsmiths-based research agency with court-grade spatial methodology; each investigation takes months, so it is retrospective rather than current.","Builds 3D spatial and temporal reconstructions of specific incidents in Ukraine from videos, photos and satellite imagery - the gold standard for pinning an event to an exact location and time.","2026-08-19"
"Human Rights Watch - Digital Investigations Lab","https://www.hrw.org/topic/technology-and-rights/digital-investigations-lab","OSINT Verification","Think Tank/NGO","International/Neutral","English","Point-geolocated incidents","Monthly","Free","RSS","Website","https://www.hrw.org/rss/news","Combines field interviews with satellite and open-source analysis and documents its harm-mitigation policy; publishes on an investigation timetable, not continuously.","Geospatially verified investigations of strikes, cluster-munition use and destruction in Ukraine, with coordinates and satellite before/after comparisons in the reports.","2026-08-19"
"SITU Research","https://situ.nyc/research","OSINT Verification","Commercial","International/Neutral","English","Point-geolocated incidents","Irregular","Free","Scrapeable HTML","Website","","Design-practice research arm working with ICC and prosecutors; publishes selectively because much work is under legal confidentiality.","Spatial and visual evidence reconstruction of attacks including in Ukraine, producing georeferenced incident models used in accountability proceedings.","2026-08-19"
"Conflict Intelligence Team (CIT)","https://citeam.org/","OSINT Verification","Independent OSINT","Russian","Russian, English","Point-geolocated incidents","Multiple daily","Free","RSS","Website","https://citeam.org/feed/","Exiled Russian OSINT team, designated 'undesirable' by Russia; publishes verification chains and geolocation reasoning but is a small team with limited coverage breadth.","Russian-language OSINT collective that geolocates strike and combat footage, tracks Russian unit deployments and debunks both sides' claims - unusually valuable for reading Russian-source material critically.","2026-08-19"
"Detector Media","https://en.detector.media/","OSINT Verification","Media","Ukrainian","Ukrainian, English","Narrative/no coordinates","Daily","Free","RSS","Website","https://detector.media/rss/","Ukrainian media-monitoring NGO; strong on Russian Telegram narrative tracking, explicitly Ukrainian-aligned, and does little geolocation itself.","Monitors and debunks Russian information operations including fabricated frontline claims and Telegram narrative campaigns, helping assess source reliability.","2026-08-19"
"InformNapalm","https://informnapalm.org/en/","OSINT Verification","Volunteer Community","Ukrainian","English, Ukrainian, Russian","Point-geolocated incidents","Weekly","Free","Scrapeable HTML","Website","","Volunteer Ukrainian OSINT network active since 2014, explicitly aligned with Ukraine; hacked-material sourcing and identification work should be treated with care.","Long-running volunteer identification of Russian units and equipment deployed in Ukraine, often tying specific formations to specific frontline sectors.","2026-08-19"
"Molfar (Ukrainian OSINT agency)","https://molfar.com/en/blog","OSINT Verification","Commercial","Ukrainian","Ukrainian, English","Point-geolocated incidents","Weekly","Freemium","Scrapeable HTML","Website","https://www.molfar.institute/en/","Commercial Ukrainian OSINT firm that has openly passed target geolocations to Ukrainian forces, so it is a participant rather than a neutral observer; published cases are a curated subset of its work.","Publishes worked geolocation and chronolocation case studies (identifying Russian positions from soldiers' social media) plus the Molfar Intelligence Institute's investigations - strong practical methodology for locating frontline units.","2026-08-19"
"StopFake","https://www.stopfake.org/en/main/","OSINT Verification","Media","Ukrainian","English, Ukrainian, Russian","Narrative/no coordinates","Daily","Free","RSS","Website","https://www.stopfake.org/en/feed/","Ukrainian fact-checking project founded 2014; has faced criticism over some editorial choices and is explicitly counter-Russian-disinformation in mission.","Debunks Russian disinformation including false claims about captured settlements and frontline breakthroughs - a filter for weeding out fabricated positional claims.","2026-08-19"
"Truth Hounds","https://truth-hounds.org/en/reports/","OSINT Verification","Think Tank/NGO","Ukrainian","English, Ukrainian","Point-geolocated incidents","Monthly","Free","Scrapeable HTML","Website","","Ukrainian documentation NGO doing field investigation plus OSINT for legal accountability; Ukrainian-aligned and incident-focused.","Documents and geolocates attacks and occupation-related crimes in frontline and de-occupied areas, with detailed location and date reconstruction in its reports.","2026-08-19"
"VoxCheck (VoxUkraine)","https://voxukraine.org/en/","OSINT Verification","Media","Ukrainian","Ukrainian, English","Narrative/no coordinates","Weekly","Free","RSS","Website","https://voxukraine.org/en/feed","IFCN-adjacent Ukrainian fact-checking with published verdict methodology; Ukrainian perspective and mostly focused on information rather than geospatial verification.","Fact-checks war-related claims including Russian and Ukrainian statements about frontline progress; useful for adjudicating disputed advance claims.","2026-08-19"
"C4ADS","https://c4ads.org/reports/","OSINT Verification","Think Tank/NGO","Western","English","Mixed","Monthly","Free","Scrapeable HTML","Website","","Data-heavy investigative nonprofit; reports are methodologically strong but slow and focused on networks rather than the contact line.","Investigations using satellite, shipping and procurement data on Russian logistics, sanctions evasion and grain theft from occupied Ukraine - useful for locating rear-area and occupation infrastructure.","2026-08-19"
"Centre for Information Resilience - Eyes on Russia project","https://www.info-res.org/eyes-on-russia/","OSINT Verification","Think Tank/NGO","Western","English","Point-geolocated incidents","Daily","Free","CSV download","Website","","Each entry is individually verified and archived by CIR staff; UK/US government-funded, and the dataset is incident-driven rather than a control-line assessment.","The Eyes on Russia project verifies and geolocates videos and images of the war and publishes the underlying incident database with source links - a primary evidence layer for where events happened.","2026-08-19"
"DFRLab Digital Sherlocks / 360 Open Summit training programme","https://dfrlab.org/digital-sherlocks/","OSINT Verification","Think Tank/NGO","Western","English","N/A (tool)","Irregular","Free w/ registration","None","Website","","A training pipeline rather than an evidence source; quality of alumni output varies and curricula are not fully public.","Trains and networks the volunteer verification community that produces much of the geolocated Ukraine footage, and publishes the methodology it teaches.","2026-08-19"
"OSINT for Ukraine","https://osintforukraine.com/","OSINT Verification","Volunteer Community","Western","English","Point-geolocated incidents","Irregular","Free","Scrapeable HTML","Website","","A student and early-career volunteer collective; enthusiastic and transparent but with limited institutional review and irregular output.","Volunteer collective documenting and geolocating alleged war crimes and strike incidents in Ukraine, publishing verification reports with source archives.","2026-08-19"
"UC Berkeley Human Rights Center Investigations Lab","https://humanrights.berkeley.edu/programs/investigations-lab/","OSINT Verification","Academic","Western","English","Point-geolocated incidents","Irregular","Free","Scrapeable HTML","Website","","Student-staffed under academic supervision; co-authored the Berkeley Protocol, so methodology is exemplary but throughput is limited and semester-bound.","Academic open-source investigation lab that verifies conflict footage including from Ukraine and sets the professional standards used by the wider verification community.","2026-08-19"
"GLIDE - GLobal IDEntifier Number database","https://glidenumber.net/","Official/Government","Government","International/Neutral","English","Oblast-level","Irregular","Free","CSV download","Website","glidenumber.net","A disaster-event identifier registry, not an incident feed; conflict events in Ukraine are sparsely registered compared with natural hazards.","ADRC/UN-maintained registry assigning canonical GLIDE identifiers to disaster events including Ukraine complex-emergency and flood entries. Useful for joining datasets that reference events by GLIDE code.","2026-08-19"
"IAEA - Ukraine nuclear safety updates","https://www.iaea.org/newscenter/focus/ukraine","Official/Government","Government","International/Neutral","English","Point-geolocated incidents","Weekly","Free","Scrapeable HTML, RSS","Website","iaea.org/newscenter/focus/ukraine","Live but bot-blocked (HTTP 403 from datacenter IPs); the IAEA reports what its on-site teams observe and pointedly declines to attribute attacks, which limits it as evidence of who struck what.","Numbered IAEA Director General updates on Zaporizhzhia, South Ukraine, Khmelnytskyi, Rivne and Chornobyl sites, including drone impacts, shelling heard nearby and power-line losses. The only neutral on-site observer reporting at named nuclear facilities.","2026-08-19"
"IOM Displacement Tracking Matrix - Ukraine","https://dtm.iom.int/ukraine","Official/Government","Government","International/Neutral","English, Ukrainian","Oblast-level","Irregular","Free","CSV download","Website","dtm.iom.int/ukraine","Live but bot-blocked (HTTP 403 from datacenter IPs); survey-based with multi-week lag and oblast/raion resolution, so it is a lagging indicator of frontline change rather than an event source.","IOM general population surveys and area baseline assessments giving IDP and returnee counts by oblast and raion with downloadable datasets. Displacement spikes corroborate where the front moved.","2026-08-19"
"OHCHR Ukraine country page","https://www.ohchr.org/en/countries/ukraine","Official/Government","Government","International/Neutral","English","Oblast-level","Irregular","Free","Scrapeable HTML","Website","ohchr.org/en/countries/ukraine","Live but bot-blocked (HTTP 403 from datacenter IPs); aggregate figures only, no incident coordinates.","OHCHR hub for Ukraine casualty updates, Commission of Inquiry material and press briefings. Use HRMMU's own site for the detailed reports.","2026-08-19"
"OSCE - Ukraine","https://www.osce.org/ukraine","Official/Government","Government","International/Neutral","English, Russian, Ukrainian","Narrative/no coordinates","Irregular","Free","Scrapeable HTML","Website","osce.org/ukraine","OSCE lost its in-country monitoring capability in 2022, so current output is statements and Moscow Mechanism reports rather than observed incident data; consensus rules make it slow.","OSCE Ukraine portal with Moscow Mechanism expert reports, Chairpersonship statements and Support Programme material. Now a documentary rather than observational source.","2026-08-19"
"OSCE Special Monitoring Mission to Ukraine (SMM) - archive","https://www.osce.org/special-monitoring-mission-to-ukraine","Official/Government","Government","International/Neutral","English, Russian","Point-geolocated incidents","Archived","Free","Scrapeable HTML","Website","osce.org/special-monitoring-mission-to-ukraine","Mandate ended in 2022 so the data stops there, but it remains the only large body of neutral, on-the-ground, coordinate-bearing ceasefire-violation observations for the Donbas contact line.","Archive of SMM daily and spot reports (2014-2022) recording explosions, ceasefire violations and crater analyses with locations and often coordinates. Essential historical baseline for the pre-2022 contact line.","2026-08-19"
"Register of Damage for Ukraine (Council of Europe)","https://rd4u.coe.int/","Official/Government","Government","International/Neutral","English, Ukrainian","Point-geolocated incidents","Irregular","Free w/ registration","None","Website","rd4u.coe.int","An international claims register, not a monitoring service: individual claim data is confidential and no public geodataset is released, so value is documentary and statistical only.","Council of Europe international register recording claims of damage, loss and injury caused by the Russian aggression, with category-by-category claim statistics. Authoritative confirmation that damage in given categories and areas has been formally documented.","2026-08-19"
"ReliefWeb - Ukraine","https://reliefweb.int/country/ukr","Official/Government","Government","International/Neutral","English, Ukrainian","Mixed","Multiple daily","Free","JSON API","Website","https://api.reliefweb.int/v2/reports (approved appname required)","Aggregator rather than primary source, so quality varies by contributing agency; the v1 API is decommissioned (HTTP 410) and v2 rejects unapproved appnames (HTTP 403), so registration is required.","OCHA-run repository of every humanitarian report, map and assessment on Ukraine, with a full JSON API. The most efficient single entry point to official and NGO documents including maps with settlement detail.","2026-08-19"
"UN Human Rights Monitoring Mission in Ukraine (HRMMU/OHCHR)","https://ukraine.ohchr.org/en","Official/Government","Government","International/Neutral","English, Ukrainian","Point-geolocated incidents","Irregular","Free","Scrapeable HTML","Website","ukraine.ohchr.org","The most methodologically careful casualty source, but it counts only verified civilian casualties and therefore always undercounts; verification lag is weeks and it does not map military positions.","HRMMU periodic reports and monthly civilian-casualty updates with oblast breakdowns and named-incident case studies. The reference dataset for verified civilian harm by region.","2026-08-19"
"UN OCHA Ukraine","https://www.unocha.org/ukraine","Official/Government","Government","International/Neutral","English, Ukrainian","Oblast-level","Weekly","Free","Scrapeable HTML","Website","unocha.org/ukraine","Humanitarian rather than military framing; reports name affected settlements and frontline hromadas but deliberately avoid describing military control, and figures are consolidated from partners with lag.","OCHA situation reports and flash updates on humanitarian impact, naming affected oblasts, hromadas and evacuation areas. Good for corroborating that a named settlement came under sustained attack.","2026-08-19"
"UNESCO - damaged cultural sites in Ukraine","https://www.unesco.org/en/ukraine-war/damaged-cultural-sites","Official/Government","Government","International/Neutral","English","Point-geolocated incidents","Irregular","Free","Scrapeable HTML","Website","unesco.org/en/ukraine-war/damaged-cultural-sites","Verified but narrow in scope (cultural property only) and slow, with verification lag of months; no attribution of responsibility per site.","UNESCO's verified list of damaged cultural sites in Ukraine broken down by oblast and site type, updated periodically. Gives independently confirmed, named-location damage records.","2026-08-19"
"UNHCR Operational Data Portal - Ukraine situation","https://data.unhcr.org/en/situations/ukraine","Official/Government","Government","International/Neutral","English","Oblast-level","Weekly","Free","JSON API, CSV download","Website","data.unhcr.org/en/situations/ukraine","Cross-border and IDP aggregates only; no incident-level geography and country-of-asylum figures depend on host-state reporting.","UNHCR's data portal for refugee and IDP figures across the Ukraine situation with downloadable time series. Useful contextual layer for population movement away from active fronts.","2026-08-19"
"UNITAR maps and geospatial products","https://www.unitar.org/maps","Official/Government","Government","International/Neutral","English","Point-geolocated incidents","Irregular","Free","CSV download","Website","unitar.org/maps","Same episodic-coverage caveat as UNOSAT; products are static PDFs plus occasional shapefiles rather than a live feed.","UNITAR's catalogue of analysis maps including Ukraine damage assessments and flood/impact products. Search here for downloadable geodata behind UNOSAT reports.","2026-08-19"
"UNOSAT (UNITAR) - satellite damage assessments","https://unosat.org/","Official/Government","Government","International/Neutral","English","Point-geolocated incidents","Irregular","Free","CSV download, Scrapeable HTML","Website","unosat.org/products (Ukraine filter)","Genuinely independent and geospatially rigorous, but activation-driven and episodic, so coverage is patchy in time and concentrated on major urban areas; damage points reflect imagery date, not the strike date.","UN satellite-imagery damage assessments for Ukrainian cities with per-building damage points, maps and downloadable datasets. One of the few neutral sources giving true coordinates for war damage.","2026-08-19"
"WHO Surveillance System for Attacks on Health Care (SSA)","https://extranet.who.int/ssa/Index.aspx","Official/Government","Government","International/Neutral","English","Point-geolocated incidents","Weekly","Free","CSV download","Website","extranet.who.int/ssa","Verified and conservative, covering only health-facility and health-worker attacks and only where WHO could confirm them, so it undercounts; attribution is deliberately not assigned.","WHO's verified database of attacks on health care with date, oblast, facility type and impact for each Ukraine incident, downloadable as structured data. One of the few neutral, per-incident, location-tagged official datasets.","2026-08-19"
"Alexander Gusev - Governor of Voronezh Oblast, Russia","https://t.me/s/gusev_36","Official/Government","Government","Russian","Russian","Oblast-level","Daily","Free","Scrapeable HTML","Telegram","@gusev_36","Deliberately vague: usually reports only ""UAVs downed over the region"" without naming the district, which limits geolocation value compared with Belgorod.","Voronezh Oblast governor's confirmations of drone attacks and air-defence activity. Confirms that a deep strike occurred in the region even when the exact target is withheld.","2026-08-19"
"Alexander Khinshtein - Governor of Kursk Oblast, Russia","https://t.me/s/Hinshtein","Official/Government","Government","Russian","Russian","Point-geolocated incidents","Multiple daily","Free","Scrapeable HTML","Telegram","@Hinshtein","Names settlements and districts in the border zone but is silent on Russian military dispositions and selective about incursion or border-fighting details.","Kursk Oblast governor's reporting on drone and artillery strikes and border-district incidents by named settlement. Important for the Sumy-Kursk cross-border sector.","2026-08-19"
"Denis Pushilin - Russian-installed head of occupied Donetsk Oblast","https://t.me/s/pushilindenis","Official/Government","Government","Russian","Russian","Point-geolocated incidents","Multiple daily","Free","Scrapeable HTML","Telegram","@pushilindenis","Occupation leadership channel: strike claims against Donetsk city are location-specific but casualty and culpability claims are propaganda, and advance announcements are often premature.","Claims of Ukrainian shelling of Donetsk, Horlivka and Makiivka with district-level detail, plus commentary on Russian advances toward named towns. A key official source for the occupied Donbas interior.","2026-08-19"
"Kursk Oblast Administration - Telegram","https://t.me/s/kurskadm","Official/Government","Government","Russian","Russian","Point-geolocated incidents","Multiple daily","Free","Scrapeable HTML","Telegram","@kurskadm","Institutional occupation-adjacent regional feed; location-specific for civilian impacts, opaque about military matters.","Kursk regional government channel with damage, evacuation and restoration reporting by named settlement. Complements the governor's personal channel.","2026-08-19"
"Mikhail Razvozhaev - Russian-installed governor of Sevastopol","https://t.me/s/razvozhaev","Official/Government","Government","Russian","Russian","Point-geolocated incidents","Multiple daily","Free","Scrapeable HTML","Telegram","@razvozhaev","Reports attacks on Sevastopol quickly and by district but downplays Black Sea Fleet damage; treat effect claims as unreliable.","Sevastopol-specific official channel announcing air-defence activity and attacks by city district. Highest-frequency official source for Black Sea Fleet base area events.","2026-08-19"
"National Anti-Terrorism Committee of Russia (NAC) - Telegram","https://t.me/s/nac_russia","Official/Government","Government","Russian","Russian","Point-geolocated incidents","Irregular","Free","Scrapeable HTML","Telegram","@nac_russia","Official framing labels Ukrainian strikes as terrorist attacks and minimises damage; place names are usually specific and accurate.","NAC statements on drone and sabotage incidents inside Russia, generally naming the region and facility. Complements MChS for locating strikes on Russian territory.","2026-08-19"
"Rosatom - Telegram","https://t.me/s/rosatom_official","Official/Government","Government","Russian","Russian","Point-geolocated incidents","Irregular","Free","Scrapeable HTML","Telegram","@rosatom_official","Russian operator's account of Zaporizhzhia NPP conditions; directly contradicts Ukrainian statements and both sides blame each other for shelling near the plant.","Rosatom communications on the occupied Zaporizhzhia NPP including claimed drone strikes on site and power-line status. Necessary counterpart to Energoatom and IAEA reporting for ZNPP events.","2026-08-19"
"Russian Ministry of Defence - mil.ru","https://mil.ru/","Official/Government","Government","Russian","Russian, English","Narrative/no coordinates","Daily","Free","Scrapeable HTML","Website","mil.ru","Live inside Russia but unreachable from many Western networks (connection refused/timeout in testing) and intermittently geoblocked, so the Telegram mirrors are the practical access route; content carries the same unverifiable-claims problem.","Official Russian MoD site hosting the archive of daily special-military-operation briefings. Valuable as the citable primary record when accessible, e.g. via a Russian-routed proxy or web archive.","2026-08-19"
"Russian Ministry of Defence - Telegram","https://t.me/s/mod_russia","Official/Government","Government","Russian","Russian","Narrative/no coordinates","Multiple daily","Free","Scrapeable HTML, Telegram Bot API","Telegram","@mod_russia","The mirror image of the Ukrainian General Staff: loss figures and ""liberation"" claims are unverifiable and routinely inflated, and settlement-capture announcements are often premature by days or weeks, yet the named settlements themselves are the key signal of where Russia is attacking.","Daily Russian MoD operational briefings naming captured settlements, claimed Ukrainian losses and grouping-by-grouping activity (Sever, Zapad, Yug, Tsentr, Vostok, Dnepr). The settlement names are essential input for frontline mapping even when the capture claim is false.","2026-08-19"
"Russian Ministry of Defence - Telegram (English)","https://t.me/s/mod_russia_en","Official/Government","Government","Russian","English","Narrative/no coordinates","Daily","Free","Scrapeable HTML","Telegram","@mod_russia_en","Same unverifiable-claims caveat as the Russian original; transliteration of settlement names is inconsistent, which complicates automated matching to gazetteers.","English translations of Russian MoD daily briefings and grouping reports. Convenient for pipelines that cannot process Russian, with a name-normalisation step required.","2026-08-19"
"Russian Ministry of Defence - X/Twitter","https://x.com/mod_russia","Official/Government","Government","Russian","English","Narrative/no coordinates","Daily","Free","None","X/Twitter","@mod_russia","Propaganda outlet with the same unverifiable claims; posting is less complete than Telegram.","English-language Russian MoD account carrying briefing highlights and claimed captures. Secondary to the Telegram channels.","2026-08-19"
"Russian Ministry of Emergency Situations (MChS) - Telegram","https://t.me/s/mchs_official","Official/Government","Government","Russian","Russian","Point-geolocated incidents","Multiple daily","Free","Scrapeable HTML","Telegram","@mchs_official","Reliable that an incident occurred at a named place but systematically silent or euphemistic about military causes and about damage to military and refinery targets.","Russian emergency-service reporting on fires and damage in border and interior regions, naming settlements. Useful for corroborating Ukrainian deep-strike claims inside Russia.","2026-08-19"
"Sergey Aksyonov - Russian-installed head of occupied Crimea","https://t.me/s/Aksenov82","Official/Government","Government","Russian","Russian","Point-geolocated incidents","Multiple daily","Free","Scrapeable HTML","Telegram","@Aksenov82","Consistently minimises damage from Ukrainian strikes and often attributes visible smoke to ""debris"" or drills; place naming is usually accurate even when damage claims are not.","First official acknowledgements of drone, missile and naval-drone attacks on named Crimean locations including Sevastopol area, Feodosia and Dzhankoi. Useful timestamp and location anchor for Crimean strike events.","2026-08-19"
"Veniamin Kondratyev - Governor of Krasnodar Krai, Russia","https://t.me/s/kondratyevvi","Official/Government","Government","Russian","Russian","Point-geolocated incidents","Daily","Free","Scrapeable HTML","Telegram","@kondratyevvi","Confirms strikes on named towns and sometimes refineries and port facilities, while minimising the scale of damage.","Krasnodar Krai governor's acknowledgements of drone strikes on Novorossiysk, Tuapse, Slavyansk-on-Kuban and Afipsky refinery areas. Primary official confirmation source for Black Sea coast energy-target strikes.","2026-08-19"
"Vladimir Saldo - Russian-appointed head of occupied Kherson Oblast","https://t.me/s/SALDO_VGA","Official/Government","Government","Russian","Russian","Point-geolocated incidents","Multiple daily","Free","Scrapeable HTML","Telegram","@SALDO_VGA","Occupation-administration propaganda with strong incentive to exaggerate Ukrainian shelling of civilians and to conceal military damage; nevertheless the named left-bank settlements are the main official window into that area.","Daily claims of Ukrainian strikes on named left-bank Kherson settlements (Nova Kakhovka, Oleshky, Hola Prystan) with casualty assertions. Effectively the only routine official reporting on occupied Kherson.","2026-08-19"
"Vyacheslav Gladkov - Governor of Belgorod Oblast, Russia","https://t.me/s/vvgladkov","Official/Government","Government","Russian","Russian","Point-geolocated incidents","Multiple daily","Free","Scrapeable HTML, Telegram Bot API","Telegram","@vvgladkov","The single most location-precise Russian official channel: he routinely names individual villages, streets and house numbers hit in Belgorod Oblast, though attribution and casualty details are one-sided.","Multiple daily reports of shelling, FPV and drone strikes in Belgorod Oblast down to named village and street level, plus evacuation notices. Indispensable for mapping cross-border strikes on Russian territory.","2026-08-19"
"Yevgeny Balitsky - Russian-appointed head of occupied Zaporizhzhia Oblast","https://t.me/s/BalitskyEV","Official/Government","Government","Russian","Russian","Point-geolocated incidents","Multiple daily","Free","Scrapeable HTML","Telegram","@BalitskyEV","Occupation official whose claims about Ukrainian strikes and about Russian advances are unverifiable and politically motivated; he has repeatedly announced captures before Russian MoD did.","Reporting on strikes in occupied Melitopol, Enerhodar, Tokmak and Berdiansk plus claims about the southern front. Useful for detecting Ukrainian deep strikes behind the southern line.","2026-08-19"
"Yuri Slyusar - Governor of Rostov Oblast, Russia","https://t.me/s/yuriy_slyusar","Official/Government","Government","Russian","Russian","Point-geolocated incidents","Daily","Free","Scrapeable HTML","Telegram","@yuriy_slyusar","Names districts and towns for drone damage but avoids identifying military and refinery targets; claims of ""no casualties"" are routinely repeated.","Rostov Oblast governor's reports on drone strikes affecting Taganrog, Morozovsk, Kamensk and Rostov-on-Don areas. Key for Ukrainian deep strikes on southern Russian logistics and airbases.","2026-08-19"
"Air Force Command of the Armed Forces of Ukraine - Facebook","https://www.facebook.com/kpszsu","Official/Government","Government","Ukrainian","Ukrainian","Oblast-level","Multiple daily","Free","Scrapeable HTML","Facebook","kpszsu","Slower than the Telegram channel and omits most in-flight tracking posts; interception figures are unverifiable official claims.","Facebook home of the Air Force daily air-attack summaries and infographics. Best used as the citable, permalinked version of the nightly launch/interception tallies.","2026-08-19"
"Air Force Command of the Armed Forces of Ukraine - Telegram","https://t.me/s/kpszsu","Official/Government","Government","Ukrainian","Ukrainian","Mixed","Real-time","Free","Scrapeable HTML, Telegram Bot API","Telegram","@kpszsu","The single best official near-real-time source for locating incoming air threats; it names oblasts, raions and often individual settlements and vectors of drone/missile movement, though post-strike results and interception totals are official claims only.","Live threat-tracking posts (""Shahed group heading toward X, course on Y"") plus a morning summary of the night's air attack giving launch counts, weapon types and the oblasts hit. Combined with timestamps this is the highest-resolution official feed for geolocating air attacks.","2026-08-19"
"Air Force Command of the Armed Forces of Ukraine - X/Twitter","https://x.com/KpsZSU","Official/Government","Government","Ukrainian","Ukrainian, English","Oblast-level","Daily","Free","None","X/Twitter","@KpsZSU","Partial mirror; in-flight tracking alerts are generally not reposted here, so do not rely on it for real-time geolocation.","Daily air-attack summary posts and infographics. Useful only as a secondary confirmation feed.","2026-08-19"
"Armed Forces of Ukraine - zsu.gov.ua","https://www.zsu.gov.ua/","Official/Government","Government","Ukrainian","Ukrainian","Narrative/no coordinates","Daily","Free","Scrapeable HTML","Website","zsu.gov.ua","Live but returns HTTP 403 to datacenter/bot IPs (Cloudflare protection), so automated scraping needs a residential proxy or browser headers; content duplicates General Staff output.","Official AFU portal republishing General Staff reports and command-level announcements. Value is as an authoritative web-permalink copy of reports that otherwise only exist on Telegram/Facebook.","2026-08-19"
"Center for Countering Disinformation (Ukraine NSDC)","https://cpd.gov.ua/","Official/Government","Government","Ukrainian","Ukrainian, English","Narrative/no coordinates","Daily","Free","Scrapeable HTML","Website","cpd.gov.ua","A Ukrainian state information-operations body: its debunks are useful but it is itself a partisan actor and should not be used as a neutral arbiter.","NSDC-subordinate centre publishing rebuttals of Russian claims, including claimed captures of specific settlements. Valuable precisely because it reacts to Russian MoD settlement-capture announcements.","2026-08-19"
"Center for Countering Disinformation - Telegram","https://t.me/s/CenterCounteringDisinformation","Official/Government","Government","Ukrainian","Ukrainian","Narrative/no coordinates","Multiple daily","Free","Scrapeable HTML","Telegram","@CenterCounteringDisinformation","Partisan Ukrainian government channel; treat its denials of Russian advances with the same scepticism as the claims they answer.","Fast Ukrainian official denials and contextualisation of Russian claims about captured villages and strike results. Good for building a paired claim/counter-claim dataset per settlement.","2026-08-19"
"Chernihiv Oblast Military Administration","https://t.me/s/chernigivskaODA","Official/Government","Government","Ukrainian","Ukrainian","Point-geolocated incidents","Multiple daily","Free","Scrapeable HTML","Telegram","@chernigivskaODA","Border-zone reporting is settlement-specific; casualty figures preliminary.","Chernihiv OVA channel reporting cross-border shelling and drone strikes in Novhorod-Siverskyi and Semenivka areas plus energy-infrastructure damage. Covers the northern border axis.","2026-08-19"
"Chernivtsi Oblast Military Administration","https://t.me/s/chernivetskaODA","Official/Government","Government","Ukrainian","Ukrainian","Point-geolocated incidents","Daily","Free","Scrapeable HTML","Telegram","@chernivetskaODA","Deep-rear oblast; rarely reports impacts, mostly alerts and drone transits, so low event density.","Chernivtsi OVA channel, representative of western-oblast administrations that report occasional deep drone strikes and alert activity. Useful for completeness of nationwide coverage.","2026-08-19"
"Dnipropetrovsk Oblast Military Administration","https://t.me/s/dnipropetrovskaODA","Official/Government","Government","Ukrainian","Ukrainian","Point-geolocated incidents","Multiple daily","Free","Scrapeable HTML","Telegram","@dnipropetrovskaODA","Names hromadas and districts (Nikopol, Marhanets, Synelnykove) reliably; deliberately vague about hits on industrial and military-adjacent facilities.","Dnipropetrovsk OVA channel logging Nikopol-area shelling from the left bank and drone/missile strikes on Dnipro, Kryvyi Rih and Pavlohrad. Now also covers fighting on the oblast's eastern edge.","2026-08-19"
"Donetsk Oblast Administration - official channel","https://t.me/s/donetskaODA","Official/Government","Government","Ukrainian","Ukrainian","Point-geolocated incidents","Multiple daily","Free","Scrapeable HTML","Telegram","@donetskaODA","Institutional companion to the governor's channel; location detail is settlement-level and reliable, coverage is civilian-impact only.","Donetsk OVA institutional channel with daily damage and evacuation reports naming affected settlements and hromadas. Useful for evacuation-order geography, which tracks the advancing front.","2026-08-19"
"Donetsk Oblast Military Administration - head Vadym Filashkin","https://t.me/s/vadymfilashkin","Official/Government","Government","Ukrainian","Ukrainian","Point-geolocated incidents","Multiple daily","Free","Scrapeable HTML, Telegram Bot API","Telegram","@vadymfilashkin","One of the best official sources for exact strike locations because he names the specific settlement and often the street or facility; he does not report frontline movement and stops covering places once they fall.","Daily posts from the Donetsk OVA head listing shelling and strike casualties by named settlement across Kramatorsk, Sloviansk, Pokrovsk and Kostiantynivka districts. Effectively a per-settlement civilian-impact log for the hottest oblast.","2026-08-19"
"DSNS Kyiv City - Telegram (regional DSNS pattern)","https://t.me/s/dsns_kyiv","Official/Government","Government","Ukrainian","Ukrainian","Point-geolocated incidents","Multiple daily","Free","Scrapeable HTML","Telegram","@dsns_kyiv","Representative of a family of per-oblast DSNS channels; each is location-precise for incidents in its own region only.","Kyiv city DSNS channel giving district-level and address-level detail on strike fires and rescue operations. Template for harvesting equivalent per-oblast DSNS channels.","2026-08-19"
"Energoatom - Telegram","https://t.me/s/energoatom_ua","Official/Government","Government","Ukrainian","Ukrainian","Point-geolocated incidents","Irregular","Free","Scrapeable HTML","Telegram","@energoatom_ua","Ukrainian operator's view of nuclear-site incidents, including at Russian-held Zaporizhzhia NPP where it has no on-site access, so ZNPP claims are second-hand and contested by Russia.","Energoatom reporting on strikes near nuclear plants, switchyard and power-line damage, and ZNPP status. Names specific plants and substations, making it useful for high-value target events.","2026-08-19"
"eRecovery / Damaged and destroyed property register (damaged.in.ua)","https://damaged.in.ua/","Official/Government","Government","Ukrainian","Ukrainian","Point-geolocated incidents","Daily","Free","Scrapeable HTML","Website","damaged.in.ua","Live but bot-blocked (HTTP 403 from datacenter IPs); it is a citizen-claim intake system, so individual records are private and only aggregates are published, and coverage excludes occupied areas.","Ukraine's official register for reporting property damaged or destroyed by the war, feeding the eRecovery compensation programme. Aggregate outputs indicate which settlements have the heaviest verified building damage.","2026-08-19"
"General Staff of the Armed Forces of Ukraine - Facebook","https://www.facebook.com/GeneralStaff.ua","Official/Government","Government","Ukrainian","Ukrainian, English","Narrative/no coordinates","Multiple daily","Free","Scrapeable HTML","Facebook","GeneralStaff.ua","Same content and same unverifiable-claims caveat as the Telegram channel; Facebook posts are often the canonical version cited by media, and an English translation is usually posted alongside.","Canonical Facebook home of the twice-daily General Staff operational report, including per-direction clash counts and settlement name lists. Useful as a stable archive because Facebook posts are permalinked and dated.","2026-08-19"
"General Staff of the Armed Forces of Ukraine - Telegram","https://t.me/s/GeneralStaffZSU","Official/Government","Government","Ukrainian","Ukrainian","Narrative/no coordinates","Multiple daily","Free","Scrapeable HTML, Telegram Bot API","Telegram","@GeneralStaffZSU","Primary Ukrainian military source but claims (Russian losses, ""attacks repelled"") are unverifiable and it names axes/directions (Pokrovsk, Lyman, Huliaipole) plus lists of settlements near which clashes occurred rather than control changes; it systematically under-reports Ukrainian withdrawals.","Twice-daily operational report (morning/evening) listing combat clashes per direction with the settlements adjacent to each engagement, plus daily strike/air-defence summaries. The settlement lists are the standard raw input for inferring where fighting is active.","2026-08-19"
"General Staff of the Armed Forces of Ukraine - X/Twitter","https://x.com/GeneralStaffUA","Official/Government","Government","Ukrainian","English, Ukrainian","Narrative/no coordinates","Daily","Free","None","X/Twitter","@GeneralStaffUA","English-language mirror that abbreviates the full report, so settlement lists are sometimes dropped; same unverifiable loss-claim caveat as the parent channel.","English summaries of General Staff operational reports and equipment-loss tallies. Convenient for quick monitoring but less complete than the Telegram/Facebook originals.","2026-08-19"
"Joint Forces Task Force (Uhrupovannia Obiednanykh Syl) - Telegram","https://t.me/s/Joint_Forces_Task_Force","Official/Government","Government","Ukrainian","Ukrainian","Narrative/no coordinates","Daily","Free","Scrapeable HTML","Telegram","@Joint_Forces_Task_Force","Operational-grouping-level channel covering the north-eastern sector; reporting is axis-level and selectively silent about setbacks, so treat as one-sided.","Official grouping-level channel for the north-east (Kharkiv/Sumy/Kupiansk sectors) with situation notes and combat video. Provides sector detail the central General Staff report compresses.","2026-08-19"
"Kharkiv Mayor Ihor Terekhov - Telegram","https://t.me/s/ihorterekhov","Official/Government","Government","Ukrainian","Ukrainian","Point-geolocated incidents","Multiple daily","Free","Scrapeable HTML","Telegram","@ihorterekhov","City-level official who typically names the exact city district and sometimes the street within minutes; scope limited to Kharkiv city.","The Kharkiv mayor's channel giving district-level (Kyivskyi, Slobidskyi, Shevchenkivskyi) and often street-level detail on strikes in Ukraine's second city. One of the fastest and most precise municipal sources.","2026-08-19"
"Kharkiv Oblast Military Administration - head Oleh Syniehubov","https://t.me/s/synegubov","Official/Government","Government","Ukrainian","Ukrainian","Point-geolocated incidents","Multiple daily","Free","Scrapeable HTML","Telegram","@synegubov","Names exact settlements, streets and facility types for strikes; casualty counts are preliminary and he avoids commenting on Russian tactical gains.","The Kharkiv OVA head's channel reporting KAB, MLRS and drone strikes by named settlement across Kharkiv, Chuhuiv, Kupiansk and Izium districts. Primary official source for Kharkiv Oblast strike geolocation.","2026-08-19"
"Kharkiv Oblast Military Administration - institutional channel","https://t.me/s/kharkivoda","Official/Government","Government","Ukrainian","Ukrainian","Point-geolocated incidents","Multiple daily","Free","Scrapeable HTML","Telegram","@kharkivoda","Same reliability profile as the governor's channel; slightly more administrative content and fewer immediate incident flashes.","Kharkiv OVA institutional feed with morning damage digests naming settlements, plus evacuation and utility-restoration notices. Good structured daily summary for the oblast.","2026-08-19"
"Kherson Oblast Administration - institutional channel","https://t.me/s/khersonskaODA","Official/Government","Government","Ukrainian","Ukrainian","Point-geolocated incidents","Multiple daily","Free","Scrapeable HTML","Telegram","@khersonskaODA","Companion institutional feed; same settlement-level precision, same one-sided perspective.","Kherson OVA channel with daily shelling summaries, evacuation notices and named-settlement damage reports. Useful backup when the governor's channel is terse.","2026-08-19"
"Kherson Oblast Military Administration - head Oleksandr Prokudin","https://t.me/s/oleksandrprokudin","Official/Government","Government","Ukrainian","Ukrainian","Point-geolocated incidents","Multiple daily","Free","Scrapeable HTML","Telegram","@oleksandrprokudin","Extremely location-specific (names Kherson city districts and individual right-bank villages) and publishes daily aggregate shell counts; figures are official and unverified.","Daily Kherson OVA head reporting on artillery, mortar and FPV attacks across the right bank plus casualty lists by settlement and district. Among the highest-resolution official strike logs in Ukraine.","2026-08-19"
"Main Directorate of Intelligence (HUR/GUR) of Ukraine - Telegram","https://t.me/s/DIUkraine","Official/Government","Government","Ukrainian","Ukrainian","Narrative/no coordinates","Multiple daily","Free","Scrapeable HTML, Telegram Bot API","Telegram","@DIUkraine","Fastest HUR outlet but explicitly an information-warfare instrument; individual claims should never be treated as confirmed without independent imagery.","Rapid HUR claims of strikes on named Russian refineries, airbases and depots, often with attributed video. Frequently the first official naming of a specific struck facility.","2026-08-19"
"Main Directorate of Intelligence (HUR/GUR) of Ukraine - website","https://gur.gov.ua/","Official/Government","Government","Ukrainian","Ukrainian, English","Narrative/no coordinates","Irregular","Free","Scrapeable HTML, RSS","Website","gur.gov.ua","Intelligence-service publicity arm; claims about Russian losses, sabotage and deep-strike results are inherently unverifiable and sometimes serve information-operation goals.","HUR news releases, named deep-strike and sabotage claims inside Russia and occupied territory, and intercepted-communication publications. Useful for identifying claimed target facilities by exact name and city.","2026-08-19"
"Ministry of Defence of Ukraine - official website","https://mod.gov.ua/en","Official/Government","Government","Ukrainian","Ukrainian, English","Narrative/no coordinates","Daily","Free","Scrapeable HTML, RSS","Website","mod.gov.ua","Official policy and communications channel; frontline detail is thinner than the General Staff and framing is uniformly favourable to Ukraine.","Ministry news, statements and occasional strike-confirmation releases in Ukrainian and English. Useful for corroborating officially acknowledged deep-strike operations and named targets.","2026-08-19"
"Ministry of Defence of Ukraine - X/Twitter (@DefenceU)","https://x.com/DefenceU","Official/Government","Government","Ukrainian","English","Narrative/no coordinates","Multiple daily","Free","None","X/Twitter","@DefenceU","Communications-led account with strong messaging function; treat claimed effects of Ukrainian strikes as unverified until imagery confirms.","Fast English-language MoD posts including strike confirmations, equipment-loss infographics and named target announcements. Handy for time-stamping when Ukraine officially claims a deep strike.","2026-08-19"
"Ministry of Internal Affairs of Ukraine (MVS) - Telegram","https://t.me/s/mvs_ukraine","Official/Government","Government","Ukrainian","Ukrainian","Point-geolocated incidents","Multiple daily","Free","Scrapeable HTML","Telegram","@mvs_ukraine","Consolidates police/DSNS/Guard reporting; casualty figures are preliminary and revised, but place names are generally accurate and specific.","MVS consolidated reporting on strike consequences, casualties and rescue operations, usually naming the exact settlement or city district affected.","2026-08-19"
"Ministry of Internal Affairs of Ukraine - website","https://mvs.gov.ua/","Official/Government","Government","Ukrainian","Ukrainian, English","Point-geolocated incidents","Daily","Free","Scrapeable HTML, RSS","Website","mvs.gov.ua","Official and reasonably precise on locations; casualty numbers are initial estimates.","MVS news portal aggregating incident reports from police, DSNS and the National Guard with named settlements. Good permalinked source for civilian-impact events.","2026-08-19"
"Mykolaiv Oblast Military Administration","https://t.me/s/mykolaivskaODA","Official/Government","Government","Ukrainian","Ukrainian","Point-geolocated incidents","Multiple daily","Free","Scrapeable HTML","Telegram","@mykolaivskaODA","Settlement-level and generally accurate; port and military-object damage is described euphemistically as ""infrastructure"".","Mykolaiv OVA channel with daily reports on drone and artillery attacks by named hromada, especially in Ochakiv and Kutsurub near the Dnipro estuary.","2026-08-19"
"National Police of Ukraine","https://npu.gov.ua/","Official/Government","Government","Ukrainian","Ukrainian","Point-geolocated incidents","Multiple daily","Free","Scrapeable HTML, RSS","Website","npu.gov.ua","Regional police units are among the most location-precise Ukrainian official sources (street addresses are common), but they report only civilian-impact events, never frontline positions.","National Police portal with regional-directorate reports on shelling damage, casualties and war-crime documentation, often down to street and house level. Excellent for point-geolocating strikes in rear and near-front cities.","2026-08-19"
"Odesa Oblast Military Administration","https://t.me/s/odeskaODA","Official/Government","Government","Ukrainian","Ukrainian","Point-geolocated incidents","Multiple daily","Free","Scrapeable HTML","Telegram","@odeskaODA","Names districts and settlements for civilian damage but withholds specifics on port and energy targets under wartime restrictions.","Odesa OVA channel reporting Shahed and missile strikes on Odesa city districts, Izmail and the Danube ports. Key for the south-western maritime axis.","2026-08-19"
"Office of the Prosecutor General of Ukraine - War Crimes portal","https://warcrimes.gov.ua/","Official/Government","Government","Ukrainian","Ukrainian, English","Point-geolocated incidents","Weekly","Free","Scrapeable HTML","Website","warcrimes.gov.ua","Legally framed, evidence-based and location-specific, but covers only alleged Russian crimes and lags events by days to months.","Ukrainian prosecution service portal documenting alleged war crimes with dates, oblasts and settlements, plus aggregate child-casualty counts. Strong for retrospective, well-located incident records.","2026-08-19"
"Poltava Oblast Military Administration","https://t.me/s/poltavskaODA","Official/Government","Government","Ukrainian","Ukrainian","Point-geolocated incidents","Multiple daily","Free","Scrapeable HTML","Telegram","@poltavskaODA","Rear-area oblast so events are strike-only; refinery and gas-infrastructure hits are described vaguely as ""an infrastructure object"".","Poltava OVA channel reporting deep-strike drone and missile attacks on Kremenchuk and Myrhorod areas. Important for tracking Russian strikes on rear energy and airbase targets.","2026-08-19"
"Recovery.gov.ua - Ukraine recovery and reconstruction portal","https://recovery.gov.ua/","Official/Government","Government","Ukrainian","Ukrainian, English","Oblast-level","Irregular","Free","Scrapeable HTML","Website","recovery.gov.ua","Reconstruction-focused and promotional; damage figures are official Ukrainian estimates and geography is oblast/hromada level.","Ukrainian government recovery portal with damage and reconstruction statistics by region and sector. Secondary indicator of where destruction is concentrated in liberated and rear areas.","2026-08-19"
"Security Service of Ukraine (SBU) - Telegram","https://t.me/s/SBUkr","Official/Government","Government","Ukrainian","Ukrainian","Narrative/no coordinates","Multiple daily","Free","Scrapeable HTML","Telegram","@SBUkr","Claims of SBU drone/naval-drone operations name specific installations but are self-reported and unverifiable; counter-intelligence posts can be selective.","SBU announcements including claimed strikes on named Russian airbases, refineries and Black Sea targets, plus detentions of artillery spotters that reveal which cities were being targeted.","2026-08-19"
"Security Service of Ukraine (SBU) - website","https://ssu.gov.ua/","Official/Government","Government","Ukrainian","Ukrainian, English","Narrative/no coordinates","Daily","Free","Scrapeable HTML","Website","ssu.gov.ua","Live but bot-blocked (HTTP 403 from datacenter IPs); content is official and one-sided.","Web archive of SBU press releases, including spotter/saboteur cases that identify the settlements and facilities Russian forces were targeting.","2026-08-19"
"State Emergency Service of Ukraine (DSNS) - Telegram","https://t.me/s/dsns_telegram","Official/Government","Government","Ukrainian","Ukrainian","Point-geolocated incidents","Multiple daily","Free","Scrapeable HTML, Telegram Bot API","Telegram","@dsns_telegram","Highly reliable on the fact and place of an incident because crews attend the scene; it does not describe frontline movement and avoids naming military targets.","DSNS operational posts and photos of fire/rescue responses to strikes, naming the settlement and often the specific facility. One of the best official feeds for confirming that a strike actually landed somewhere.","2026-08-19"
"State Emergency Service of Ukraine (DSNS) - website","https://dsns.gov.ua/","Official/Government","Government","Ukrainian","Ukrainian, English","Point-geolocated incidents","Multiple daily","Free","Scrapeable HTML, RSS","Website","dsns.gov.ua","Live but returns HTTP 403 to datacenter IPs; incident locations are accurate, military detail is absent.","Official DSNS site with daily nationwide incident digests and regional strike-response reports naming affected settlements. Also hosts the demining and hazard sections.","2026-08-19"
"Sumy Oblast Military Administration - head Oleh Hryhorov","https://t.me/s/hryhorov_oleg","Official/Government","Government","Ukrainian","Ukrainian","Point-geolocated incidents","Multiple daily","Free","Scrapeable HTML","Telegram","@hryhorov_oleg","Names hromadas and often individual villages in the border zone, which is critical because Sumy Oblast events cluster along the international border; frontline claims are absent.","The Sumy OVA head's reporting on cross-border shelling, glide-bomb and drone strikes by named hromada across Shostka, Krasnopillia and Bilopillia areas. Best official source for the Sumy border axis.","2026-08-19"
"Sumy Oblast Military Administration - institutional channel","https://t.me/s/Sumy_news_ODA","Official/Government","Government","Ukrainian","Ukrainian","Point-geolocated incidents","Multiple daily","Free","Scrapeable HTML","Telegram","@Sumy_news_ODA","Institutional feed with the same border-zone precision; evacuation lists are especially useful and are published as named-settlement enumerations.","Sumy OVA channel publishing daily attack digests and mandatory-evacuation settlement lists. Evacuation orders here are a leading indicator of Russian ground pressure.","2026-08-19"
"Ukrainian Land Forces - Telegram","https://t.me/s/landforcesofukraine","Official/Government","Government","Ukrainian","Ukrainian","Narrative/no coordinates","Daily","Free","Scrapeable HTML","Telegram","@landforcesofukraine","Command-level PR channel; combat footage is genuine but locations are usually described only by direction, and geolocation must be done from the video itself.","Official Land Forces channel with unit announcements, brigade-level reporting and combat video from named directions. Useful as an official pointer to which formations are engaged where.","2026-08-19"
"Ukrenergo - Telegram","https://t.me/s/ukrenergo","Official/Government","Government","Ukrainian","Ukrainian, English","Oblast-level","Multiple daily","Free","Scrapeable HTML","Telegram","@ukrenergo","Deliberately vague about which substations were hit for security reasons, naming only oblasts and outage scale; useful for detecting that an energy strike occurred, not exactly where.","Ukraine's TSO reporting damage to generation and transmission after strikes plus emergency outage schedules by region. The outage geography is a reliable indicator of which oblasts absorbed an energy attack.","2026-08-19"
"Unmanned Systems Forces of the Armed Forces of Ukraine - Telegram","https://t.me/s/USF_army","Official/Government","Government","Ukrainian","Ukrainian","Narrative/no coordinates","Daily","Free","Scrapeable HTML","Telegram","@USF_army","Publishes strike video whose stated locations are unverified official claims; the footage itself is often geolocatable by OSINT analysts.","Official channel of Ukraine's Unmanned Systems Forces posting drone strike footage, ""kill-zone"" claims and deep-strike confirmations. Valuable because the video frequently contains terrain usable for precise geolocation.","2026-08-19"
"Zaporizhzhia Oblast Military Administration (ZODA)","https://t.me/s/zoda_gov_ua","Official/Government","Government","Ukrainian","Ukrainian","Point-geolocated incidents","Multiple daily","Free","Scrapeable HTML","Telegram","@zoda_gov_ua","Reports on the Ukrainian-controlled part of the oblast only, naming settlements precisely; has little visibility into occupied districts and none into ZNPP.","Zaporizhzhia OVA channel logging strikes on Zaporizhzhia city districts and frontline villages such as Orikhiv, Stepnohirsk and Huliaipole. Key source for the southern axis civilian-impact geography.","2026-08-19"
"EEAS - EU Delegation to Ukraine","https://www.eeas.europa.eu/delegations/ukraine_en","Official/Government","Government","Western","English, Ukrainian","Narrative/no coordinates","Weekly","Free","Scrapeable HTML, RSS","Website","eeas.europa.eu/delegations/ukraine","EU diplomatic channel; statements condemning strikes usually name the city but appear a day or more after the event.","EU Delegation statements, HR/VP declarations and EU support reporting on Ukraine. Useful for authoritative confirmation of major named-city strike events.","2026-08-19"
"EU Advisory Mission Ukraine (EUAM Ukraine)","https://euam-ukraine.eu/","Official/Government","Government","Western","English, Ukrainian","Narrative/no coordinates","Irregular","Free","Scrapeable HTML","Website","euam-ukraine.eu","Civilian security-sector reform mission, not a monitoring mission, so it produces no frontline or incident geography; note that ""EUMM"" is the separate EU Monitoring Mission in Georgia and is not a Ukraine source.","EU's civilian advisory mission in Ukraine, working with police and prosecutors including on war-crime documentation capacity. Indirect value via institutional context.","2026-08-19"
"GOV.UK - Russian invasion of Ukraine: UK government response","https://www.gov.uk/government/topical-events/russian-invasion-of-ukraine-uk-government-response","Official/Government","Government","Western","English","Narrative/no coordinates","Weekly","Free","Scrapeable HTML, RSS","Website","gov.uk topical event page","Curated UK government landing page, policy-heavy and pro-Ukraine; no incident-level geography.","Official UK hub linking Defence Intelligence products, sanctions and support announcements. Useful as an index into UK official Ukraine documentation.","2026-08-19"
"NATO - support for Ukraine","https://www.nato.int/cps/en/natohq/topics_192648.htm","Official/Government","Government","Western","English","Narrative/no coordinates","Irregular","Free","Scrapeable HTML","Website","nato.int","Alliance policy communication; no independent battlefield reporting and no coordinates, and framing is aligned with Ukraine.","NATO topic page on assistance to Ukraine, NSATU and related statements. Background and attribution context rather than event data.","2026-08-19"
"UK Ministry of Defence Defence Intelligence updates (@DefenceHQ)","https://x.com/DefenceHQ","Official/Government","Government","Western","English","Narrative/no coordinates","Irregular","Free","None","X/Twitter","@DefenceHQ","Assessment-based, professionally hedged with probabilistic language, but explicitly pro-Ukrainian in framing and now published far less regularly than the daily 2022-2023 cadence; maps are schematic and never give coordinates.","UK Defence Intelligence updates on the situation in Ukraine, usually as an infographic plus short assessment naming axes and towns. Valuable as an allied-government sanity check on both sides' claims.","2026-08-19"
"UK MoD news and publications (gov.uk, Ukraine-filtered Atom feed)","https://www.gov.uk/search/all.atom?keywords=ukraine&organisations%5B%5D=ministry-of-defence&order=updated-newest","Official/Government","Government","Western","English","Narrative/no coordinates","Weekly","Free","RSS","Website","gov.uk search Atom feed, organisation=ministry-of-defence","Machine-readable and stable, but Ukraine content is mostly assistance announcements rather than frontline assessment; the standalone Defence Intelligence collection page no longer resolves (HTTP 404).","Atom feed of UK MoD publications and news filtered to Ukraine, newest first. The practical automated route to UK official Ukraine material now that the old DI update collection URL is dead.","2026-08-19"
"US Department of Defense - news releases","https://www.defense.gov/News/Releases/","Official/Government","Government","Western","English","Narrative/no coordinates","Daily","Free","Scrapeable HTML, RSS","Website","defense.gov/News/Releases","Live but bot-blocked (HTTP 403 from datacenter IPs); Ukraine content is assistance and policy focused and DoD stopped routine battlefield-assessment briefings, so frontline value is low.","US DoD releases, transcripts and PDA/USAI announcements. Mainly useful for capability and aid context rather than event locations.","2026-08-19"
"US Department of State - Ukraine","https://www.state.gov/countries-areas/ukraine/","Official/Government","Government","Western","English","Narrative/no coordinates","Irregular","Free","Scrapeable HTML, RSS","Website","state.gov/countries-areas/ukraine","Policy and diplomatic framing, pro-Ukraine; occasional named-city condemnations but no systematic event reporting.","State Department statements, fact sheets and human-rights reporting on Ukraine. Useful for authoritative attribution language on major strike incidents.","2026-08-19"
"US European Command (EUCOM)","https://www.eucom.mil/","Official/Government","Government","Western","English","Narrative/no coordinates","Irregular","Free","Scrapeable HTML, RSS","Website","eucom.mil","Operational-security constrained; publishes almost nothing about the Ukrainian front itself and nothing geolocated.","EUCOM newsroom covering European posture, exercises and Ukraine assistance coordination. Contextual only for frontline mapping.","2026-08-19"
"Wikipedia: DeepStateMap.Live (background article)","https://en.wikipedia.org/wiki/DeepStateMap.Live","Reference","Volunteer Community","International/Neutral","English","Narrative/no coordinates","Irregular","Free","MediaWiki API","Website","","Encyclopedic background, not a data feed.","Reference article on the DeepStateMap project, its methodology, funding and relationship to Ukrainian forces; useful for documenting source provenance.","2026-08-19"
"adsb.lol open ADS-B API","https://api.adsb.lol/docs","Satellite/Sensor","Volunteer Community","International/Neutral","English","Point-geolocated incidents","Real-time","Free","REST API + JSON (api.adsb.lol/v2/..., OpenAPI docs at /docs); ODbL-licensed community aggregation","API","https://api.adsb.lol/docs","Fully free and open, no key, ODbL licence; coverage depends on volunteer receiver density, which is sparse inside Ukraine and better in NATO states. Same fundamental limit as any ADS-B source: combat aircraft and drones are not cooperative targets.","A genuinely open, key-free live aircraft feed usable in an aggregator to show ISR and military transport activity around Ukraine, and to derive GNSS-interference indicators from navigation-accuracy fields.","2026-08-19"
"Airframes.io (ACARS/VDL/HFDL/SATCOM aggregation)","https://app.airframes.io/","Satellite/Sensor","Volunteer Community","International/Neutral","English","Mixed","Real-time","Free","Live web feed plus community MQTT/API access for contributors; open-source tooling on GitHub","Website","https://app.airframes.io/","Aggregates volunteer-decoded aircraft datalink messages (ACARS, VDL2, HFDL, Inmarsat/Iridium SATCOM). Coverage is receiver-dependent and message content is mostly airline operational; military use of these links is limited but occasionally revealing. Signals-intelligence-adjacent, so interpretation demands care.","A non-ADS-B radio-signal channel that occasionally surfaces aircraft positions and operational messages, including flights that do not appear on ADS-B, useful as corroboration for air-activity timelines.","2026-08-19"
"AISStream.io","https://aisstream.io/","Satellite/Sensor","Volunteer Community","International/Neutral","English","Point-geolocated incidents","Real-time","Free API key","WebSocket streaming API + JSON (wss://stream.aisstream.io/v0/stream), free key with documented rate limits","API","https://aisstream.io/","Free live AIS firehose filterable by bounding box and message type, sourced from community receivers, so Black Sea coverage is patchier than commercial satellite AIS. Same AIS spoofing caveats apply.","A free, machine-readable live vessel feed that an aggregator can filter to the Black Sea and Azov box to detect port activity, convoy movements and AIS-dark behaviour around Crimea.","2026-08-19"
"EcoDozor (Zoi Environment Network / OSCE)","https://ecodozor.org/","Satellite/Sensor","Think Tank/NGO","International/Neutral","English; Ukrainian","Point-geolocated incidents","Weekly","Free","Interactive map with per-incident records and downloadable datasets","Website","https://ecodozor.org/","Curated database of war-related environmental incidents in Ukraine (fires, industrial and energy-facility damage, chemical releases, mine flooding), each geolocated and sourced, combining satellite fire/imagery evidence with open reporting. Curated and therefore incomplete, with a lag of days to weeks.","Point-geolocated, source-cited records of strikes on industrial, energy and chemical facilities across Ukraine, giving verified coordinates and dates for infrastructure events that thermal detections alone cannot identify.","2026-08-19"
"EUMETSAT Data Store fire products (Sentinel-3 SLSTR FRP)","https://user.eumetsat.int/data/themes/fire","Satellite/Sensor","Government","International/Neutral","English","Point-geolocated incidents","Multiple daily","Free w/ registration","REST/OpenSearch Data Store API + NetCDF/SAFE download","Data portal","https://data.eumetsat.int/","Sentinel-3A/B SLSTR active-fire and FRP at ~1 km (S7 band), with a dedicated fire channel that saturates less than MODIS; two satellites give extra overpasses including night. Latency ~hours.","A third independent thermal sensor family for fire-based frontline mapping, useful to confirm VIIRS clusters and to catch night-time fires.","2026-08-19"
"EUMETSAT LSA SAF Fire Radiative Power (Meteosat/SEVIRI FRP-PIXEL)","https://lsa-saf.eumetsat.int/","Satellite/Sensor","Government","International/Neutral","English","Point-geolocated incidents","Real-time","Free w/ registration","NetCDF/HDF products via LSA SAF data service and EUMETSAT Data Store API","Data portal","https://lsa-saf.eumetsat.int/en/","Geostationary Meteosat gives 15-minute (MSG) to 10-minute (MTG) refresh over Europe, but pixel size at Ukraine latitudes is ~4-6 km, so only large, intense fires are detected. Complements polar-orbiter VIIRS by catching fires that start and die between overpasses.","Sub-hourly detection of large fires (refineries, fuel depots, ammunition dumps) anywhere in Ukraine, giving a timestamp for the strike far tighter than VIIRS overpass gaps allow.","2026-08-19"
"Global Fishing Watch map and API","https://globalfishingwatch.org/map","Satellite/Sensor","Think Tank/NGO","International/Neutral","English","Point-geolocated incidents","Daily","Free w/ registration","REST API v3 (gateway.api.globalfishingwatch.org) with free token; vessel, event and SAR-detection endpoints","Website","https://globalfishingwatch.org/platform/map","Combines AIS with satellite SAR and VIIRS night-light vessel detections to find vessels that are not broadcasting AIS. Built for fisheries, so Black Sea military interpretation requires care; SAR detections have false positives on wind farms, rigs and wave clutter.","Its SAR and night-light vessel detections identify dark ships in the Black Sea that have switched off AIS, a method used publicly to track sanctioned oil and stolen Ukrainian grain shipments.","2026-08-19"
"IODA (Internet Outage Detection and Analysis), Georgia Tech","https://ioda.inetintel.cc.gatech.edu/country/UA","Satellite/Sensor","Academic","International/Neutral","English","Oblast-level","Real-time","Free","REST API + JSON (api.ioda.inetintel.cc.gatech.edu/v2/, public, documented) with per-country/region/ASN time series","API","https://api.ioda.inetintel.cc.gatech.edu/v2/","Fuses three independent signals (BGP reachability, active probing, network telescope darknet traffic) at country, region and ASN level, so it is far more reproducible than single-signal claims. Regional geolocation of IP space is imperfect; small localised outages can be missed.","Free, API-accessible, region-level Ukrainian outage time series that let you correlate connectivity collapses with reported strikes, and detect occupied-area network changes without relying on any belligerent's statements.","2026-08-19"
"MarineTraffic","https://www.marinetraffic.com/","Satellite/Sensor","Commercial","International/Neutral","English","Point-geolocated incidents","Real-time","Freemium","Commercial REST API (services.marinetraffic.com) on paid plans; free web map with delay","Website","https://www.marinetraffic.com/","Largest terrestrial plus satellite AIS aggregator. Free tier is delayed and coverage-limited; bot-blocks bare HTTP clients (403). AIS is self-reported and routinely spoofed or switched off by Russian and sanctioned vessels, so absence and even positions must be treated sceptically.","Tracks Black Sea and Sea of Azov shipping, Russian naval auxiliaries, grain-corridor convoys and port activity at Odesa, Novorossiysk and Sevastopol, providing dated positions for maritime incidents and USV strikes.","2026-08-19"
"NetBlocks","https://netblocks.org/","Satellite/Sensor","Think Tank/NGO","International/Neutral","English","Oblast-level","Real-time","Free","Reports and social alerts; internal measurement platform not publicly queryable","Website","https://netblocks.org/","Fast public alerts on connectivity collapses with named operators and timestamps, widely cited; methodology details and raw data are not fully open, so claims cannot always be independently reproduced. Attribution of cause (strike vs power vs deliberate shutdown) is often inferred.","Rapid, quotable confirmation that connectivity has collapsed in a specific Ukrainian city or across an operator, which in practice correlates tightly with major strikes on energy and telecom nodes.","2026-08-19"
"OpenAerialMap","https://openaerialmap.org/","Satellite/Sensor","Think Tank/NGO","International/Neutral","English","Raw imagery/sensor data","Irregular","Free","STAC-like catalogue API (api.openaerialmap.org) + TMS/XYZ tiles per image; openly licensed GeoTIFFs","Website","https://openaerialmap.org/","Community/NGO repository of openly licensed drone and satellite imagery, often very high resolution (cm-scale for drone flights) but sparse and event-driven. Ukraine holdings are limited and contributor-dependent.","Occasionally provides cm-resolution openly licensed drone orthophotos of Ukrainian damaged areas that can be used freely for damage mapping and geolocation.","2026-08-19"
"OpenSky Network","https://opensky-network.org/","Satellite/Sensor","Academic","International/Neutral","English","Point-geolocated incidents","Real-time","Free w/ registration","REST API and Trino/Impala historical database; OpenSky Python API; free for research use","API","https://opensky-network.org/","Research-grade ADS-B/Mode-S archive going back years with documented coverage metadata, ideal for reproducible studies (e.g. quantifying airspace closure or ISR flight-hour trends). Rate limits are tight for anonymous users; blocks some scrapers (403 to bare curl).","Historical and live flight data with an academic archive, used in published work on Ukrainian airspace closure, ISR patterns and GNSS interference derived from aircraft position-quality fields.","2026-08-19"
"Raspberry Shake citizen seismograph network","https://raspberryshake.org/","Satellite/Sensor","Volunteer Community","International/Neutral","English","Point-geolocated incidents","Real-time","Free","Open FDSN-compliant data via the Raspberry Shake data centre (fdsnws services) and StationView map; open station metadata","Website","https://raspberryshake.org/","Thousands of low-cost volunteer seismographs streaming openly; instrument quality and station density vary and there are few stations inside Ukraine, though nearby Poland, Romania and Moldova stations can record large blasts. Urban noise limits sensitivity.","Openly accessible waveform data from citizen sensors near Ukraine that can be used to independently detect and time large explosions, including cross-border events, at zero cost.","2026-08-19"
"RIPEstat / RIPE Atlas","https://stat.ripe.net/","Satellite/Sensor","Think Tank/NGO","International/Neutral","English","Oblast-level","Real-time","Free","RIPEstat Data API (stat.ripe.net/data/{call}/data.json) and RIPE Atlas measurement API (atlas.ripe.net/api/v2/), free with account for custom measurements","API","https://atlas.ripe.net/","Authoritative BGP routing history, prefix visibility and traceroute measurements from thousands of probes. Requires networking expertise to interpret; probe density inside Ukraine, especially occupied areas, is limited.","BGP-level evidence of Ukrainian ISP prefixes being rerouted through Russian upstreams is one of the hardest technical indicators that a settlement or district has come under Russian administrative control.","2026-08-19"
"UNOSAT (UN Satellite Centre) Ukraine damage assessments","https://unosat.org/products/?search=ukraine","Satellite/Sensor","Government","International/Neutral","English","Point-geolocated incidents","Irregular","Free","Downloadable PDF maps plus GIS layers (SHP/GeoJSON/GeoPackage) and datasets on HDX","Data portal","https://www.unosat.org/","Manual expert interpretation of very-high-resolution commercial imagery, producing damage points classified by severity for named Ukrainian cities and oblasts; the de facto ground truth used to train automated methods. Coverage is limited to tasked cities and dates; not comprehensive, and lags events by days to weeks.","Authoritative, individually digitised damage points for specific Ukrainian settlements, letting you say precisely which buildings in Mariupol, Bakhmut or Avdiivka were destroyed and when they were first observed damaged.","2026-08-19"
"Yandex Maps satellite and panoramas","https://yandex.com/maps/","Satellite/Sensor","Commercial","Russian","Russian; English","Raw imagery/sensor data","Archived","Free","Unofficial XYZ tile access; official Yandex Maps JS API for embedding","Website","https://yandex.com/maps/","Frequently has higher-resolution and better-updated pre-war imagery and street-level panoramas of Ukrainian and Russian towns than Western providers, plus Russian-language toponyms and building numbers. Occupied-territory labelling follows Russian official positions; imagery of sensitive Russian sites is censored/blurred.","The reference dataset for pre-war ground truth: street panoramas and building-level imagery that let analysts match a geolocated video frame to an exact address in a Donbas town.","2026-08-19"
"air-alarms.in.ua","https://air-alarms.in.ua/","Satellite/Sensor","Volunteer Community","Ukrainian","Ukrainian; English","Oblast-level","Real-time","Free","Live web map with historical alert statistics; JSON consumed by the front end","Website","https://air-alarms.in.ua/","Volunteer statistics site tracking alert start/stop times, durations and totals per oblast since 2022. Derived from official alert declarations, so inherits their administrative granularity; not an impact-location source.","Historical air-alert statistics by oblast that quantify which regions are under sustained aerial threat, a useful long-run correlate of strike-campaign focus and of proximity to the front.","2026-08-19"
"alerts.in.ua API (Ukrainian air-raid alerts)","https://devs.alerts.in.ua/","Satellite/Sensor","Volunteer Community","Ukrainian","Ukrainian; English","Mixed","Real-time","Free w/ registration","REST API + JSON (api.alerts.in.ua/v1/alerts/active.json, /v1/iot/active_air_raid_alerts_by_oblast.json, /v1/regions/{uid}/alerts/{period}.json); Bearer token or query-param token","API","https://api.alerts.in.ua","Free volunteer-run service with a personal token; documented soft limit 8-10 requests/min per IP, hard limit 12/min, and 2/min for the historical endpoint. Granularity down to oblast, raion, hromada and city UIDs. Alerts reflect official oblast/hromada air-defence declarations, so they indicate threat axes rather than exact impact points, and are declared conservatively wide.","The cleanest machine-readable feed of Ukrainian air-raid alerts by administrative unit; sequences of alert onsets across oblasts trace missile and Shahed flight corridors in near real time, and historical queries let you reconstruct which districts were threatened during a given strike.","2026-08-19"
"EOS Data Analytics LandViewer","https://eos.com/landviewer/","Satellite/Sensor","Commercial","Ukrainian","English","Raw imagery/sensor data","Multiple daily","Freemium","REST APIs for search/processing on paid plans; free browser access to Sentinel/Landsat scenes","Website","https://eos.com/landviewer/","Ukrainian-founded EO company; free tier gives Sentinel-2, Landsat and Sentinel-1 browsing with band-math and change detection, with scene-download quotas. High-resolution commercial archive is paid.","A convenient free viewer with built-in change-detection and index tools for comparing two dates over a Ukrainian settlement, run by a company with strong Ukraine ties.","2026-08-19"
"Neptun live Shahed and missile tracking map","https://neptun.in.ua/en","Satellite/Sensor","Volunteer Community","Ukrainian","Ukrainian; English","Point-geolocated incidents","Real-time","Free","Web, Android and iOS apps with ~5-second refresh; no documented public API","Website","https://neptun.in.ua/en","Aggregates Ukrainian monitoring-channel reports into live drone and missile track markers with direction of flight, refreshed every few seconds. Tracks are crowd-and-monitor-derived, not radar truth: positions are approximate, misattributions and duplicate tracks occur, and coverage depends on active spotters. Free.","One of the most granular public sources of where individual Shahed drones and missiles are at a given moment, giving point-level, timestamped indications of inbound threat axes across Ukraine.","2026-08-19"
"Ukraine Alarm (Povitryana Tryvoha) API","https://www.ukrainealarm.com/","Satellite/Sensor","Volunteer Community","Ukrainian","Ukrainian; English","Oblast-level","Real-time","Free w/ registration","REST API at api.ukrainealarm.com with Swagger docs and an API key issued on request; JSON alert status and region lists; @UkraineAlertBot on Telegram","API","https://api.ukrainealarm.com/","Long-running alert aggregator behind popular apps and siren-automation devices; the API host is behind Cloudflare and returns 403 to bare clients without an API key. Same interpretive limit as any alert feed: administrative-unit granularity, not impact coordinates.","A second independent Ukrainian alert API, valuable for cross-checking alerts.in.ua and for consuming the alert stream through a Telegram bot in an aggregation pipeline.","2026-08-19"
"Ukrainian Nature Conservation Group","https://uncg.org.ua/en/","Satellite/Sensor","Think Tank/NGO","Ukrainian","Ukrainian; English","Mixed","Irregular","Free","Reports and articles; no standing data API","Website","https://uncg.org.ua/en/","Ukrainian conservation NGO publishing assessments of war impacts on protected areas, including fire and land-cover change in and near occupied and frontline nature reserves. Output is publication-based, focused on protected-area boundaries rather than the military frontline, and largely Ukrainian-language.","Ukrainian-perspective analyses of fire and habitat destruction in frontline and occupied protected areas, useful for interpreting large persistent fire clusters in steppe and reserve areas that are not agricultural burning.","2026-08-19"
"Ukrenergo (Ukrainian TSO) operational updates","https://ua.energy/","Satellite/Sensor","Government","Ukrainian","Ukrainian; English","Oblast-level","Daily","Free","Web publications and press releases; some consumption charts, no open API","Website","https://ua.energy/","Official Ukrainian transmission system operator. Wartime disclosure is deliberately restricted (no facility-level locations) and the site is behind Cloudflare (403 to bare clients). Statements confirm that strikes hit energy infrastructure and which oblasts face restrictions, without naming substations.","Authoritative confirmation, by oblast, that energy infrastructure was struck and where load restrictions apply, providing the ground truth to interpret nighttime-lights and internet-outage anomalies.","2026-08-19"
"war.ukrzen.in.ua alert monitor","https://war.ukrzen.in.ua/alerts/","Satellite/Sensor","Volunteer Community","Ukrainian","Ukrainian","Oblast-level","Real-time","Free","Live alert map and downloadable/scrapable alert history tables","Website","https://war.ukrzen.in.ua/alerts/","Small volunteer project with a long alert archive; no formal API or SLA and the interface is Ukrainian-only. Useful chiefly as an independent archival cross-check.","An independent archive of Ukrainian air-alert timelines per region, handy for verifying whether a claimed strike time coincided with a declared alert.","2026-08-19"
"Zvook acoustic aerial-threat detection network","https://zvook.tech/","Satellite/Sensor","Volunteer Community","Ukrainian","Ukrainian; English","Point-geolocated incidents","Real-time","Paid","None public (operational data goes to Ukrainian air defence, not to open channels)","Website","https://zvook.tech/","Grassroots Ukrainian network of parabolic-microphone acoustic sensors with on-device machine learning that detect low-flying cruise missiles and Shahed drones below radar horizon; reported coverage of a minority of Ukrainian territory concentrated near the border. Raw detections are not public; they feed military air-defence and, indirectly, public alert systems. Listed for completeness as a sensor layer whose outputs surface downstream.","Explains where the point-level drone and missile track data seen in Ukrainian alert apps and monitoring channels physically originates: a distributed acoustic sensor grid, not radar or satellites.","2026-08-19"
"ADS-B Exchange (unfiltered flight tracking)","https://globe.adsbexchange.com/","Satellite/Sensor","Volunteer Community","Western","English","Point-geolocated incidents","Real-time","Freemium","REST API via RapidAPI for feeders/subscribers plus historical archive downloads (see adsbexchange.com/data-products)","Website","https://globe.adsbexchange.com/","The only major aggregator that does not filter military or blocked aircraft, making it the primary tool for tracking NATO ISR flights (RQ-4, RC-135, P-8, E-3) over the Black Sea and Poland. Ukrainian and Russian combat aircraft usually do not transmit ADS-B, so it reveals surveillance and support aviation, not the frontline itself. API access requires feeding data or a paid plan.","ISR orbit patterns over the Black Sea and Romania/Poland are a strong indirect indicator of where Western intelligence expects activity, and MIL/ELINT flight geometry helps corroborate the timing of large Russian strike packages.","2026-08-19"
"Airbus Space Solutions (Pleiades Neo / OneAtlas)","https://space-solutions.airbus.com/","Satellite/Sensor","Commercial","Western","English","Raw imagery/sensor data","Daily","Paid","OneAtlas REST APIs and streaming WMTS for subscribers; free sample gallery","Website","https://space-solutions.airbus.com/","Pleiades Neo 30 cm, Pleiades 50 cm, SPOT 1.5 m, plus TerraSAR-X/PAZ SAR. Paid tasking with export-control and licence restrictions; sample imagery and press releases are the free surface.","The main European very-high-resolution alternative to Maxar; its imagery appears in European media geolocation of Ukrainian strike sites and in EU/UN damage assessments.","2026-08-19"
"Alaska Satellite Facility Vertex (Sentinel-1 SAR search)","https://search.asf.alaska.edu/","Satellite/Sensor","Academic","Western","English","Raw imagery/sensor data","Multiple daily","Free w/ registration","Search API (asf.alaska.edu/api) + bulk download python client; STAC-like GeoJSON/CSV/metalink output","Data portal","https://search.asf.alaska.edu/","NASA-funded SAR DAAC mirroring Sentinel-1 GRD/SLC/burst products plus ALOS and (from 2025) NISAR; Earthdata Login required. Sentinel-1 revisit over Ukraine degraded after the S1B failure and partially restored with S1C.","The easiest route to Sentinel-1 SLC pairs and burst products needed for interferometric coherence damage mapping, the technique behind most credible nationwide Ukraine building-damage estimates.","2026-08-19"
"ASF HyP3 on-demand InSAR/RTC processing","https://hyp3-docs.asf.alaska.edu/","Satellite/Sensor","Academic","Western","English","Raw imagery/sensor data","Irregular","Free w/ registration","REST API + Python SDK (hyp3_sdk) for job submission; outputs GeoTIFF InSAR coherence, unwrapped phase, RTC","API","https://hyp3-docs.asf.alaska.edu/","Free monthly credit allocation per Earthdata user; jobs take tens of minutes to hours. Coherence loss is caused by many things besides destruction (vegetation growth, ploughing, snow, water), so raw coherence-drop maps over Ukrainian cropland are noisy.","Lets a non-specialist generate Sentinel-1 interferometric coherence change products for a Ukrainian town without owning a SAR processor, the standard DIY method to detect buildings destroyed between two dates through cloud and darkness.","2026-08-19"
"Bing Maps aerial imagery","https://www.bing.com/maps","Satellite/Sensor","Commercial","Western","English","Raw imagery/sensor data","Archived","Free","Bing Maps REST/Tile API (key required); free browser viewing","Website","https://www.bing.com/maps","Independent high-resolution aerial/satellite mosaic with different acquisition dates from Google and Esri, plus Bing building footprints (open data). Vintage varies widely across Ukraine and is not exposed per tile.","A third independent pre-war imagery baseline; comparing Google, Bing, Esri and Yandex vintages of the same Ukrainian village often brackets when a structure was built or destroyed.","2026-08-19"
"BlackSky","https://www.blacksky.com/","Satellite/Sensor","Commercial","Western","English","Raw imagery/sensor data","Multiple daily","Paid","Spectra AI platform APIs for customers; public imagery via press and social channels","Website","https://blacksky.com/","~1 m Gen-2 (and sub-metre Gen-3) optical with high revisit optimised for dawn-to-dusk monitoring; publicly known to supply imagery under Ukraine-related contracts. Not an open data source.","High-revisit 1 m monitoring of fixed Ukrainian targets (airbases, ports, staging areas); publicly released frames periodically document Black Sea Fleet and airfield damage.","2026-08-19"
"Building Damage Assessment Portal (Conflict Ecology, Oregon State)","https://rccd-damage-portal.netlify.app/","Satellite/Sensor","Academic","Western","English","Settlement-level polygons","Irregular","Free w/ registration","Web GIS with ADM3 damage counts, damage clusters and probability layers; geospatial downloads gated by authorisation","Website","https://rccd-damage-portal.netlify.app/","Same InSAR coherent-change-detection lineage as the DDMG Ukraine work; the live portal instance rotates between active conflicts (recent deployments covered other theatres), so Ukraine layers may be archival rather than current. Download requires contacting the team.","District-level (ADM3) counts of damaged buildings derived automatically from Sentinel-1, a quantitative and non-partisan measure of where the heaviest destruction, and therefore the fighting, has occurred.","2026-08-19"
"Capella Space Open Data","https://registry.opendata.aws/capella_opendata/","Satellite/Sensor","Commercial","Western","English","Raw imagery/sensor data","Irregular","Free","STAC catalogue + GeoTIFF/SLC in a public S3 bucket, documented on the AWS registry page","Data portal","https://registry.opendata.aws/capella_opendata/","Sample X-band SAR at ~50 cm to 1 m, spotlight and stripmap; a demonstration archive rather than an operational feed, so scene availability over Ukraine is incidental. Capella was acquired by IQT/IonQ-adjacent owners and its commercial offering has shifted; check current status before relying on it.","Free sample high-resolution SAR scenes useful for method development and for occasional Ukrainian sites, plus a reference for what tasked commercial SAR can resolve.","2026-08-19"
"Chaos Signals Ukraine strike map","https://chaossignals.com/map/ukraine","Satellite/Sensor","Independent OSINT","Western","English","Point-geolocated incidents","Real-time","Free","Web map aggregating Ukrainian official and monitoring-channel reports; refresh on the order of minutes","Website","https://chaossignals.com/map/ukraine","Third-party aggregator of Ukrainian air-alert and monitoring-channel data into an English-language map of alerts, drone and missile activity. Derived and unattributed at the item level, so it should be treated as a convenience layer over primary Ukrainian feeds rather than an independent sensor.","English-language live map of Ukrainian air-raid alerts and reported drone/missile activity, useful as a quick orientation layer before drilling into primary Ukrainian alert APIs.","2026-08-19"
"Cloudflare Radar Ukraine","https://radar.cloudflare.com/ua","Satellite/Sensor","Commercial","Western","English","Oblast-level","Real-time","Free API key","REST API + JSON/CSV (api.cloudflare.com/client/v4/radar/..., documented at developers.cloudflare.com/radar), free token","API","https://developers.cloudflare.com/radar/","Traffic-volume, ASN, protocol and outage-annotation data derived from Cloudflare's global network; granularity is country and sometimes subdivision/ASN, not settlement. Bot-protected for bare curl (403 in browser path) while the API works with a token. Traffic dips can reflect strikes, power cuts, cable damage or routing changes.","Sharp drops in Ukrainian internet traffic by region or ASN provide near-real-time evidence of strikes on power and telecom infrastructure, and BGP/ASN shifts expose rerouting of occupied-territory networks through Russian carriers.","2026-08-19"
"Conflict and Environment Observatory (CEOBS) Ukraine analyses","https://ceobs.org/","Satellite/Sensor","Think Tank/NGO","Western","English","Mixed","Irregular","Free","Reports and briefings, some with accompanying geospatial data and imagery analysis","Website","https://ceobs.org/","Specialist NGO combining remote sensing (fire detections, Sentinel imagery, plume analysis) with open-source reporting on Ukrainian industrial and environmental war damage. Analytical and episodic rather than a live feed; explicitly discusses methodological uncertainty.","Methodologically careful remote-sensing analyses of Ukrainian infrastructure and environmental damage, including guidance on how to distinguish combat fires from agricultural burning in FIRMS data.","2026-08-19"
"Copernicus Browser (Copernicus Data Space Ecosystem)","https://browser.dataspace.copernicus.eu/","Satellite/Sensor","Government","Western","English","Raw imagery/sensor data","Multiple daily","Free w/ registration","OData, STAC, OGC WMS/WMTS and Sentinel Hub-compatible Process/Catalog APIs (documentation.dataspace.copernicus.eu)","Website","https://dataspace.copernicus.eu/","Sentinel-2 L1C/L2A at 10 m optical with 2-5 day revisit over Ukraine; Sentinel-1 C-band SAR (GRD/SLC) at ~10-20 m sees through cloud and night. Free ESA licence permits redistribution with attribution. 10 m is too coarse to count vehicles but resolves trench lines, craters in fields, destroyed buildings, bridge cuts and river crossings.","The workhorse free imagery source for verifying frontline changes: fresh trench networks, bridge and dam damage, burn scars, flooded terrain and destroyed built-up areas, with an archive back to 2015 for before/after comparison.","2026-08-19"
"Copernicus Data Space OData and STAC APIs","https://documentation.dataspace.copernicus.eu/APIs/OData.html","Satellite/Sensor","Government","Western","English","Raw imagery/sensor data","Multiple daily","Free w/ registration","OData catalogue query + S3-compatible download; STAC at catalogue.dataspace.copernicus.eu/stac","API","https://catalogue.dataspace.copernicus.eu/stac","Replaced the retired scihub.copernicus.eu (now offline). Free accounts get generous but finite download quotas; S3 credentials issued per user. Sentinel-1 SLC pairs needed for coherence work are large (several GB each).","Programmatic discovery and download of every Sentinel-1/2/3 scene over Ukraine, the foundation for automated change-detection and SAR coherence damage pipelines.","2026-08-19"
"Copernicus EFFIS / Global Wildfire Information System","https://forest-fire.emergency.copernicus.eu/","Satellite/Sensor","Government","Western","English","Settlement-level polygons","Daily","Free","Web GIS with WMS layers and downloadable burnt-area polygons; GWIS at gwis.jrc.ec.europa.eu offers country stats and API-ish downloads","Website","https://gwis.jrc.ec.europa.eu/","EU JRC system: active fire points (MODIS/VIIRS ingest) plus burnt-area perimeters derived from Sentinel-2. Burnt-area products lag days-to-weeks and are tuned for wildland fire, so shelling burn scars in cropland can be missed or misclassified.","Burnt-area polygons (rather than points) around the contact line quantify how much land has been scorched, a durable spatial signature of sustained artillery activity that survives cloud gaps.","2026-08-19"
"Decentralized Damage Mapping Group (Scher and Van Den Hoek, InSAR coherent change detection)","https://conflict-damage.org/publication/ukr_damage/","Satellite/Sensor","Academic","Western","English","Settlement-level polygons","Irregular","Free","Peer-reviewed method with published derived damage datasets; portal downloads on request via data@conflict-ecology.org","Website","https://conflict-damage.org/","Uses 17,000+ Sentinel-1 InSAR coherence images in a coherent change detection framework across Ukrainian settlements (Mar 2022 - Oct 2023 in the published study). Coherence loss is a proxy, not a confirmation: ploughing, snow, flooding and vegetation cause false alarms, and the method is calibrated for built-up areas. Release cadence is publication-driven, not continuous.","The most-cited independent nationwide Ukraine building-damage estimate produced without any government or belligerent input, widely used by journalists to sanity-check both sides' claims about which towns are destroyed and where fighting has been heaviest.","2026-08-19"
"Earth Observation Group VIIRS Nighttime Lights (Colorado School of Mines)","https://eogdata.mines.edu/products/vnl/","Satellite/Sensor","Academic","Western","English","Raw imagery/sensor data","Irregular","Free w/ registration","Direct HTTPS download of monthly/annual GeoTIFF composites; free EOG account for some products","Data portal","https://eogdata.mines.edu/products/vnl/","Independent VIIRS DNB processing chain (monthly and annual cloud-free composites, plus daily products) with careful outlier removal; monthly cadence limits event attribution. Also produces the VIIRS Nightfire (VNF) gas-flare product.","Monthly night-light composites give a clean, comparable time series of how much light each Ukrainian oblast and city has lost since 2022, and VIIRS Nightfire detects hot industrial sources such as burning refineries.","2026-08-19"
"EarthScope/IRIS station map and FDSN data services","https://ds.iris.edu/gmap/","Satellite/Sensor","Academic","Western","English","Point-geolocated incidents","Real-time","Free","FDSN web services (station, dataselect, event) returning miniSEED/StationXML; standard obspy client support","Data portal","https://ds.iris.edu/gmap/","Federated archive of global seismic and infrasound stations with standardised FDSN access. Requires signal-processing skill; array/infrasound coverage relevant to Ukraine is limited and much CTBTO infrasound data is restricted to member-state users.","The gateway to raw waveform and infrasound data for anyone wanting to independently locate large explosions in Ukraine using arrival-time differences rather than relying on published catalogues.","2026-08-19"
"Element 84 Earth Search STAC (Sentinel-2 COGs on AWS)","https://earth-search.aws.element84.com/v1","Satellite/Sensor","Commercial","Western","English","Raw imagery/sensor data","Multiple daily","Free","STAC API v1 (GET /search, POST /search) over sentinel-2-l2a, sentinel-2-l1c, landsat-c2-l2 COG collections","API","https://earth-search.aws.element84.com/v1","No key, no registration for search; imagery served as cloud-optimised GeoTIFFs from AWS open-data buckets (requester-pays applies to some collections). Latency of a few hours to a day behind acquisition.","The lowest-friction machine endpoint for pulling only the pixels you need over a Ukrainian coordinate, ideal for automated daily change detection without downloading whole scenes.","2026-08-19"
"EMSC-CSEM European-Mediterranean Seismological Centre","https://www.emsc-csem.org/","Satellite/Sensor","Academic","Western","English","Point-geolocated incidents","Real-time","Free","FDSN event web service and real-time feeds via seismicportal.eu (REST + WebSocket, GeoJSON/QuakeML)","Website","https://www.seismicportal.eu/","Denser European station coverage than the global USGS catalogue, so a lower detection threshold over Ukraine and neighbouring Russia, plus felt-report crowdsourcing. Explosion/earthquake discrimination is still imperfect and events are sometimes revised or removed.","The most sensitive publicly queryable seismic catalogue for the Ukraine theatre, used to independently confirm and time-stamp large ammunition-depot detonations and infrastructure blasts.","2026-08-19"
"ENTSO-E Transparency Platform","https://transparency.entsoe.eu/","Satellite/Sensor","Government","Western","English","Oblast-level","Multiple daily","Free w/ registration","REST API + XML (web-api.tp.entsoe.eu/api) with free security token; documented query types","API","https://transparency.entsoe.eu/","Ukraine's grid has been synchronised with continental Europe since March 2022, so Ukrainian load, generation and cross-border flow data appear in the platform. Country-level, hourly-to-quarter-hourly resolution; reporting completeness for Ukraine is weaker than for EU members and wartime data can be withheld for security reasons.","Sharp drops in Ukrainian generation or spikes in emergency imports from Poland, Slovakia, Hungary and Romania are a quantitative, machine-readable fingerprint of successful Russian strikes on the power system.","2026-08-19"
"Esri World Imagery Wayback","https://livingatlas.arcgis.com/wayback/","Satellite/Sensor","Commercial","Western","English","Raw imagery/sensor data","Archived","Free","Versioned XYZ/WMTS tile services per Wayback release date, usable in any web map","Website","https://livingatlas.arcgis.com/wayback/","Provides every historical version of the Esri World Imagery basemap (sub-metre in most Ukrainian settlements) back to 2014, each with a release date. Release date is not acquisition date, so imagery vintage must be inferred and can lag by months to years.","The best free way to obtain multiple dated pre-war high-resolution basemap versions of a Ukrainian location, essential for before/after geolocation when Google Earth has only one frame.","2026-08-19"
"Flightradar24","https://www.flightradar24.com/","Satellite/Sensor","Commercial","Western","English","Point-geolocated incidents","Real-time","Freemium","Commercial REST API (fr24api.flightradar24.com) on paid plans; web app free","Website","https://www.flightradar24.com/","Largest receiver network with MLAT and satellite ADS-B, but filters some military/blocked aircraft, so ADS-B Exchange is preferred for military work. Bot-blocks plain HTTP clients (403) while serving browsers normally. Also publishes a GPS-jamming visualisation derived from aircraft navigation accuracy.","Broadest live aviation picture around Ukraine, including airspace-closure effects, humanitarian and government flights, and a GNSS-interference view over the Black Sea and eastern Europe.","2026-08-19"
"Google Earth (web) and Google Earth Pro historical imagery","https://earth.google.com/web/","Satellite/Sensor","Commercial","Western","English","Raw imagery/sensor data","Irregular","Free","None (KML/KMZ import-export only)","Website","https://earth.google.com/web/","Sub-metre to ~50 cm commercial mosaics with irregular acquisition dates; the historical imagery slider in Earth Pro often yields several pre-war and occasionally wartime frames for Ukrainian settlements. Dates are per-tile and can be mislabelled.","Indispensable for geolocating a video or photo to an exact building, treeline or road junction, and for establishing the pre-war appearance of a site now claimed to be destroyed or captured.","2026-08-19"
"Google Earth Engine","https://earthengine.google.com/","Satellite/Sensor","Commercial","Western","English","Raw imagery/sensor data","Multiple daily","Freemium","JavaScript Code Editor and Python API over petabyte-scale ImageCollections; REST API for registered cloud projects","API","https://code.earthengine.google.com/","Free for noncommercial/research use with a registered Cloud project; commercial use is paid. Hosts Sentinel-1 GRD, Sentinel-2, Landsat, VIIRS FIRMS and Black Marble collections. Sentinel-1 SLC phase is not available, so true InSAR coherence must be done elsewhere.","The platform on which most published Ukraine-wide damage, fire and nighttime-lights analyses were computed, and the host for the public Ukraine Damage Explorer apps.","2026-08-19"
"GPSJam GPS interference map","https://gpsjam.org/","Satellite/Sensor","Independent OSINT","Western","English","Mixed","Daily","Free","Daily hex-grid map with per-day URLs (gpsjam.org/?date=YYYY-MM-DD); no documented public API","Website","https://gpsjam.org/","Built by John Wiseman from ADS-B Exchange aircraft navigation-integrity (NIC/NACp) reports, aggregated into hex cells and published daily. Only shows interference where aircraft actually fly, so coverage over active Ukrainian airspace is thin and heavily biased toward corridors around the conflict (Black Sea, Poland, Baltic, Moldova, Romania). Interference cause (jamming vs spoofing vs equipment) is not distinguished.","The best-known public map of GNSS jamming/spoofing, whose persistent hotspots around the Black Sea, Kaliningrad, Rostov and Moscow reveal Russian electronic-warfare posture and often flag imminent or ongoing drone/missile activity.","2026-08-19"
"HawkEye 360 (RF geolocation from space)","https://www.hawkeye360.com/","Satellite/Sensor","Commercial","Western","English","Point-geolocated incidents","Multiple daily","Paid","Commercial RF analytics APIs; selected findings published publicly","Website","https://www.hawkeye360.com/","Clusters of formation-flying satellites geolocate emitters (marine radars, VHF/UHF, GNSS interference sources) with kilometre-scale accuracy. Data is paid and export-controlled; the public record consists of company reports and media collaborations.","Space-based RF geolocation has publicly identified GPS-jamming sources and AIS-dark vessels in the Black Sea, offering a physics-based fix on electronic-warfare emitters and sanctions-evading shipping.","2026-08-19"
"ICEYE","https://www.iceye.com/","Satellite/Sensor","Commercial","Western","English","Raw imagery/sensor data","Multiple daily","Paid","Commercial tasking/analytics APIs; no open public feed","Website","https://www.iceye.com/","Largest SAR smallsat constellation (25 cm spot mode, sub-daily revisit) and a confirmed supplier of SAR capacity to Ukraine under a government-funded contract. Data itself is not public; public value comes from published imagery and flood/damage analytics releases.","The dominant SAR provider actually used over Ukraine; its published frames and flood-extent products periodically enter the public record and are cited in strike-damage reporting.","2026-08-19"
"Kentik network-analysis blog (Doug Madory internet-observability reporting)","https://www.kentik.com/blog/","Satellite/Sensor","Commercial","Western","English","Oblast-level","Irregular","Free","Narrative analyses with charts; underlying aggregate data is commercial","Website","https://www.kentik.com/blog/","Widely respected BGP/NetFlow analyses of Ukrainian and Russian routing changes, occupied-territory ISP takeovers and traffic collapses. Publication is episodic (when something notable happens) and the raw data is not released.","Provides the expert interpretation layer on top of routing data, documenting for example when occupied Kherson or Mariupol networks were forcibly rerouted via Russian carriers, a control-change signal independent of battlefield claims.","2026-08-19"
"Maxar Open Data on AWS Registry","https://registry.opendata.aws/maxar-open-data/","Satellite/Sensor","Commercial","Western","English","Raw imagery/sensor data","Irregular","Free","STAC catalogue + COGs in a public S3 bucket (s3://maxar-opendata), documented on the registry page","Data portal","https://registry.opendata.aws/maxar-open-data/","No credentials needed for anonymous S3 reads; CC BY-NC 4.0. Organised by event/collection, so you must know which collection covers your Ukrainian area of interest.","Machine-readable access to the free high-resolution Maxar crisis imagery, enabling automated tiling and comparison against later frames of the same Ukrainian site.","2026-08-19"
"Microsoft Planetary Computer","https://planetarycomputer.microsoft.com/","Satellite/Sensor","Commercial","Western","English","Raw imagery/sensor data","Multiple daily","Free w/ registration","STAC API + SAS token signing (planetarycomputer.microsoft.com/api/stac/v1), hosted Jupyter Hub","API","https://planetarycomputer.microsoft.com/","Hosts Sentinel-1 RTC, Sentinel-2 L2A, Landsat, MODIS, VIIRS and NAIP as analysis-ready COGs; free compute allocation requires an approved account request. Some collections were re-scoped over time, so verify collection availability before building on it.","Cloud-native access to co-located Sentinel-1 SAR and Sentinel-2 optical archives over Ukraine, plus free notebooks, so damage and fire analyses can run next to the data instead of downloading terabytes.","2026-08-19"
"NASA Black Marble nighttime lights","https://blackmarble.gsfc.nasa.gov/","Satellite/Sensor","Government","Western","English","Raw imagery/sensor data","Daily","Free w/ registration","VNP46A1/A2/A3/A4 HDF5 products via LAADS DAAC REST/wget; GIBS layers for visual browsing","Data portal","https://blackmarble.gsfc.nasa.gov/","VIIRS Day/Night Band at ~500 m, nightly, atmospherically and moonlight-corrected in VNP46A2. Cloud, snow cover and moon phase create artefacts; blackouts from strikes are hard to distinguish from scheduled load-shedding, curfew dimming or evacuation-driven depopulation.","The standard method for mapping Russian strike effects on Ukrainian electricity: night-light loss maps show which cities and districts went dark after infrastructure attacks, and light returning in occupied or liberated settlements signals population and control changes.","2026-08-19"
"NASA CMR (Common Metadata Repository) search API","https://cmr.earthdata.nasa.gov/search","Satellite/Sensor","Government","Western","English","Raw imagery/sensor data","Real-time","Free","REST API + JSON/UMM/ATOM (cmr.earthdata.nasa.gov/search/granules.json?bounding_box=...)","API","https://cmr.earthdata.nasa.gov/search","Metadata-only: returns granule IDs, spatial/temporal extents and download links across all NASA DAACs. No imagery itself; some collections need Earthdata Login for the actual files.","Machine discovery layer for finding every NASA satellite granule covering a given Ukrainian coordinate and date range, the first step in any automated overhead-imagery pipeline.","2026-08-19"
"NASA FIRMS Active Fire Data archive and NRT downloads","https://firms.modaps.eosdis.nasa.gov/download/","Satellite/Sensor","Government","Western","English","Point-geolocated incidents","Daily","Free w/ registration","Bulk CSV/SHP/KML/GeoJSON archive downloads plus 24h/48h/7d NRT files","Data portal","https://firms.modaps.eosdis.nasa.gov/active_fire/","Standard (science-quality) archive lags NRT by weeks-to-months but has better geolocation and fewer artifacts; NRT files refresh several times a day. Requires an Earthdata Login for custom archive requests.","Historical fire-point archives for Ukraine let you reconstruct how the frontline moved month by month since Feb 2022 and to build a seasonal baseline that separates agricultural burning from combat fires.","2026-08-19"
"NASA FIRMS Fire Map (VIIRS/MODIS active fire)","https://firms.modaps.eosdis.nasa.gov/map/","Satellite/Sensor","Government","Western","English","Point-geolocated incidents","Multiple daily","Free","Interactive map with WMS/WFS and CSV/SHP/KML export from the same platform (firms.modaps.eosdis.nasa.gov)","Website","https://firms.modaps.eosdis.nasa.gov/map/","VIIRS 375 m (NOAA-20/21, S-NPP) and MODIS 1 km thermal anomalies; ~4-6 overpasses/day at Ukraine latitudes; NRT latency ~1-3 h (URT ~60 min for US/Canada only). Massive false-positive load from agricultural stubble burning (Mar-Apr and Jul-Sep), gas flares, industrial heat and wildfires; clouds/smoke suppress detections, so absence of fire is not absence of shelling.","The single most-used physics-based frontline proxy: dense linear clusters of VIIRS thermal anomalies along a contact line reveal artillery/MLRS impacts, burning vehicles and strike sites. Analysts overlay day-by-day fire clusters to infer where the line of contact sits and which axes are active.","2026-08-19"
"NASA FIRMS WMS/WFS services","https://firms.modaps.eosdis.nasa.gov/mapserver/wms-info/","Satellite/Sensor","Government","Western","English","Point-geolocated incidents","Multiple daily","Free API key","OGC WMS + WFS (GeoJSON/GML) endpoints documented on the FIRMS mapserver pages","API","https://firms.modaps.eosdis.nasa.gov/mapserver/wms-info/","Layer-based access with MAP_KEY; useful for direct QGIS/Leaflet integration without writing a CSV parser. Same detection physics and false positives as the FIRMS point products.","Lets a mapping front end render live fire detections as an overlay on a Ukraine frontline map without downloading and reprojecting files.","2026-08-19"
"NASA GIBS (Global Imagery Browse Services) WMTS/WMS","https://nasa-gibs.github.io/gibs-api-docs/","Satellite/Sensor","Government","Western","English","Raw imagery/sensor data","Daily","Free","OGC WMTS/WMS/TWMS tile endpoints, e.g. gibs.earthdata.nasa.gov/wmts/epsg4326/best/1.0.0/WMTSCapabilities.xml","API","https://gibs.earthdata.nasa.gov/wmts/epsg4326/best/1.0.0/WMTSCapabilities.xml","No key, no rate-limit registration; 1000+ layers with daily time dimension back to 2000 for MODIS and 2012 for VIIRS. Best-available granule mosaics may include swath gaps and cloud.","The raw tile service behind Worldview: lets an aggregator embed dated NASA satellite basemaps, fire overlays and Black Marble nighttime lights for any Ukraine viewport programmatically.","2026-08-19"
"NASA LAADS DAAC (VIIRS/MODIS granule archive)","https://ladsweb.modaps.eosdis.nasa.gov/","Satellite/Sensor","Government","Western","English","Raw imagery/sensor data","Multiple daily","Free w/ registration","HTTPS/REST file API plus wget/curl bulk download; Earthdata Login token required","Data portal","https://ladsweb.modaps.eosdis.nasa.gov/","Source of VNP14IMG (375 m active fire), VNP02/VNP03 radiance and VNP46 Black Marble products; NRT collections (5000-series) available within hours, standard collections after reprocessing.","Where to get the underlying granules if you want to run your own fire-detection or nighttime-lights thresholding for Ukraine rather than trusting FIRMS defaults.","2026-08-19"
"NASA Worldview","https://worldview.earthdata.nasa.gov/","Satellite/Sensor","Government","Western","English","Raw imagery/sensor data","Daily","Free","Backed by GIBS WMTS/WMS; snapshot API at wvs.earthdata.nasa.gov/api/v1/snapshot for georeferenced GeoTIFF/PNG export","Website","https://worldview.earthdata.nasa.gov/","VIIRS true colour at 250-375 m, MODIS 250 m, plus thermal anomaly, aerosol, smoke and nighttime-lights layers; near-real-time layers appear within ~3 h of overpass. Resolution too coarse to see vehicles, adequate to see large smoke plumes, burn scars, dam/flood changes and city-scale blackouts.","Fast, no-login way to eyeball a whole Ukrainian oblast on a given date: smoke plumes from refinery/depot strikes, flood extent after the Kakhovka dam, and burn scars along the contact line, with fire points and nighttime lights toggleable on the same canvas.","2026-08-19"
"NOAA CLASS (VIIRS Active Fires EDR archive)","https://www.class.noaa.gov/","Satellite/Sensor","Government","Western","English","Point-geolocated incidents","Multiple daily","Free w/ registration","Order-based bulk download of NetCDF granules; NCEI catalogue landing page at ncei.noaa.gov (dataset gov.noaa.ncdc:C00971)","Data portal","https://www.class.noaa.gov/","NOAA operational VIIRS Active Fire EDR/AF-EDR at 375 m nadir with fire radiative power; delivered as 10-minute aggregated NetCDF TARs. Order-queue based (not instant), clunkier than FIRMS but is the authoritative NOAA operational stream.","The NOAA-operational (as opposed to NASA science) VIIRS fire detection line, useful as an independent second opinion on whether a hotspot cluster in Donbas is real.","2026-08-19"
"NOAA Hazard Mapping System Fire and Smoke Product","https://www.ospo.noaa.gov/products/land/hms.html","Satellite/Sensor","Government","Western","English","Mixed","Daily","Free","Daily fire-point shapefiles/KML and smoke-plume polygons via NOAA OSPO/satepsanone directories","Data portal","https://www.ospo.noaa.gov/products/land/hms.html","Analyst-quality-controlled fire points plus manually drawn smoke plume polygons; primary focus is North America, global coverage is partial, so Ukraine coverage is inconsistent. Daily cadence, not real-time.","Human-vetted smoke-plume polygons are a useful cross-check when trying to confirm a large fire (refinery, depot, forest) from a suspected strike, where automated hotspots alone are ambiguous.","2026-08-19"
"Planet Disaster Data program","https://www.planet.com/disasterdata/","Satellite/Sensor","Commercial","Western","English","Raw imagery/sensor data","Irregular","Free w/ registration","Activation-based access through Planet Explorer and the Data API","Website","https://www.planet.com/disasterdata/","Access granted per activation to responders and, in some cases, media/researchers; licence restricts redistribution. Coverage windows are limited to the activation area and period.","Route by which humanitarian and research users have obtained free Planet imagery of specific Ukrainian disaster events such as the Kakhovka dam breach flooding.","2026-08-19"
"Planet Labs NICFI / Education and Research programs","https://www.planet.com/nicfi/","Satellite/Sensor","Commercial","Western","English","Raw imagery/sensor data","Daily","Free w/ registration","REST Data API (api.planet.com) + Basemaps XYZ/WMTS tiles under program licences","Website","https://www.planet.com/nicfi/","PlanetScope Dove/SuperDove: ~3-4 m daily global coverage, SkySat ~50 cm tasked. NICFI free access is geographically restricted to the tropics, so Ukraine is NOT covered by NICFI; Ukraine access comes via the Education and Research program, disaster-data activations or paid contracts. 3 m daily is the sweet spot for detecting new craters, revetments, pontoon bridges and vehicle concentrations.","Near-daily 3 m coverage is the highest-cadence commercial optical source; Planet frames underpin many published claims about Russian troop build-ups, new fortification lines and river-crossing attempts.","2026-08-19"
"Rapid Damage Assessment (Sentinel-1) on-demand tool","https://olidietrich.users.earthengine.app/view/rapid-damage-assessment-sentinel1","Satellite/Sensor","Academic","Western","English","Settlement-level polygons","Real-time","Free","Google Earth Engine app running the published inference pipeline on user-selected AOI and dates","Website","https://olidietrich.users.earthengine.app/view/rapid-damage-assessment-sentinel1","Runs the same model for any user-chosen area and time window, so freshness is limited only by Sentinel-1 availability (days). Accuracy degrades on small or lightly built settlements and outside the training distribution; outputs are probabilities, not confirmed damage.","Lets anyone generate a fresh SAR-based damage map for a currently contested Ukrainian town within minutes, an independent check on claims that a settlement has been levelled or captured.","2026-08-19"
"SafeAirspace (OPSGROUP conflict-zone airspace warnings)","https://safeairspace.net/","Satellite/Sensor","Commercial","Western","English","Oblast-level","Irregular","Free","Country-by-country risk pages; no public API","Website","https://safeairspace.net/","Aggregates NOTAMs and state aviation warnings into plain-language conflict-zone risk assessments by country and flight level. Editorially curated, aviation-safety focused, updated when states publish notices rather than continuously.","Documents which airspace over and around Ukraine, Russia and the Black Sea is closed or hazardous and why, a formal-record indicator of missile/drone activity zones and of how far the threat envelope extends.","2026-08-19"
"Satellogic","https://satellogic.com/","Satellite/Sensor","Commercial","Western","English","Raw imagery/sensor data","Daily","Paid","Tasking/archive APIs for customers; an open Satellogic EarthView sample dataset is published on AWS","Website","https://satellogic.com/","~70 cm to 1 m multispectral and hyperspectral with high daily capacity; comparatively low cost per km2. Not an open Ukraine feed.","A lower-cost tasking option for monitoring specific Ukrainian coordinates repeatedly, relevant when researchers or media buy imagery of a contested settlement.","2026-08-19"
"Sentinel Hub custom scripts repository","https://custom-scripts.sentinel-hub.com/","Satellite/Sensor","Commercial","Western","English","Raw imagery/sensor data","Irregular","Free","Open evalscript (JavaScript) library usable in EO Browser and the Process API","Website","https://custom-scripts.sentinel-hub.com/","Community-contributed scripts include SAR change detection, burn-severity (NBR/dNBR), moisture and urban-damage composites. Quality varies; scripts are visualisation aids, not validated damage classifiers.","Ready-made band-math recipes that turn raw Sentinel bands into damage- and burn-highlighting visualisations, e.g. making artillery burn scars and destroyed built-up blocks pop out over Donbas.","2026-08-19"
"Sentinel Hub EO Browser","https://apps.sentinel-hub.com/eo-browser/","Satellite/Sensor","Commercial","Western","English","Raw imagery/sensor data","Multiple daily","Freemium","Backed by Sentinel Hub Process/Catalog/Statistical APIs (OGC WMS/WMTS + REST); free trial and Copernicus-funded free tier","Website","https://apps.sentinel-hub.com/eo-browser/","Best-in-class UI for band-math visual comparison (NDVI, SWIR burn indices, SAR RGB composites) over Sentinel-1/2/3, Landsat and MODIS. Free tier has processing-unit quotas; heavy API use is paid.","The tool most OSINT analysts use to make a visually convincing before/after or burn-index frame of a specific Ukrainian village or bridge, and to timestamp when a change first appeared.","2026-08-19"
"SkyFi","https://skyfi.com/","Satellite/Sensor","Commercial","Western","English","Raw imagery/sensor data","Daily","Paid","REST API and mobile/web app for tasking and archive orders across multiple providers","Website","https://skyfi.com/","Broker/marketplace reselling optical (down to 15-30 cm) and SAR from many constellations without an enterprise contract; per-scene pricing from tens of dollars. Licence terms vary by upstream provider; some AOIs are restricted.","Makes it practical for an independent OSINT researcher or newsroom to buy a fresh sub-metre or SAR image of a specific Ukrainian frontline village within days, rather than waiting for free Sentinel passes.","2026-08-19"
"SkyWatch EarthCache","https://skywatch.com/","Satellite/Sensor","Commercial","Western","English","Raw imagery/sensor data","Daily","Freemium","EarthCache REST API for archive search and tasking across multiple providers","Website","https://skywatch.com/","Aggregator API abstracting Airbus, Planet, Satellogic and others; free developer sandbox credits, then pay per km2. Availability and licensing inherit from each upstream supplier.","A single API to search and order high-resolution imagery over Ukrainian coordinates from several constellations, useful for building an automated tasking workflow.","2026-08-19"
"Spire Global (space-based AIS/ADS-B/RF)","https://spire.com/","Satellite/Sensor","Commercial","Western","English","Point-geolocated incidents","Multiple daily","Paid","Commercial REST/streaming APIs for maritime and aviation data; some free trials","Website","https://spire.com/","Global satellite AIS and ADS-B fills the gaps where terrestrial receivers cannot see, including the central Black Sea; paid subscription, with latency from minutes to hours depending on plan.","Satellite AIS/ADS-B coverage of the Black Sea reveals dark shipping, Russian naval movements and grain-corridor traffic in areas with no coastal receivers.","2026-08-19"
"Starlink availability map","https://starlink.com/map","Satellite/Sensor","Commercial","Western","English","Oblast-level","Irregular","Free","None (interactive availability map only)","Website","https://starlink.com/map","Shows official service/availability status by area, not live per-terminal connectivity. Coverage policy in occupied Ukrainian territory has been a documented issue; the map reflects commercial availability decisions rather than observed outages.","Reference for where satellite connectivity is officially available, relevant because Starlink is the primary comms layer for Ukrainian units and reported service anomalies have coincided with operations.","2026-08-19"
"Ukraine Damage Explorer (ETH Zurich / UZH / ICRC, Sentinel-1 deep learning)","https://olidietrich.users.earthengine.app/view/ukraine-damage-explorer","Satellite/Sensor","Academic","Western","English","Settlement-level polygons","Irregular","Free","Google Earth Engine app; source code on GitHub (prs-eth/ukraine-damage-mapping-tool, MIT) and result rasters/footprints on Zenodo (record 15088349)","Website","https://olidietrich.users.earthengine.app/view/ukraine-damage-explorer","Deep-learning model over Sentinel-1 SAR time series trained on UNOSAT damage labels, producing per-pixel destruction probability and building-level damage at nationwide scale, published in Communications Earth and Environment (2025). Detects destroyed/severely damaged structures well, under-detects light damage; false positives in areas of construction or heavy vegetation change. Not continuously updated in real time.","A nationwide, weather-independent map of destroyed buildings across Ukraine that both confirms where heavy fighting occurred and, because destruction tracks the contact line, traces the frontline's historical path settlement by settlement.","2026-08-19"
"Umbra Space Open Data","https://umbra.space/open-data/","Satellite/Sensor","Commercial","Western","English","Raw imagery/sensor data","Irregular","Free","STAC catalogue + GeoTIFF/CPHD in public AWS bucket (registry.opendata.aws/umbra-open-data)","Data portal","https://umbra.space/open-data/","Genuinely open (CC BY 4.0) sub-metre to 25 cm SAR spotlight imagery, including phase history data for advanced processing. Coverage is a curated set of interesting sites, not systematic; Ukraine appears occasionally rather than continuously.","One of very few sources of free, commercially-licensable very-high-resolution SAR, which sees through cloud and darkness, letting analysts confirm equipment presence and damage independent of weather.","2026-08-19"
"UP42 geospatial marketplace","https://up42.com/","Satellite/Sensor","Commercial","Western","English","Raw imagery/sensor data","Daily","Freemium","REST API and Python SDK for catalogue search, tasking and processing blocks","Website","https://up42.com/","Airbus-owned marketplace bundling optical and SAR archives with analytics blocks; free account for catalogue search, paid for delivery. Some sensors restricted by export controls over conflict areas.","Programmatic route to buy and process very-high-resolution and SAR imagery of Ukrainian areas of interest, including change-detection blocks that run server-side.","2026-08-19"
"USGS EarthExplorer","https://earthexplorer.usgs.gov/","Satellite/Sensor","Government","Western","English","Raw imagery/sensor data","Multiple daily","Free w/ registration","Machine-to-Machine (M2M) REST API at m2m.cr.usgs.gov; bulk download application","Data portal","https://earthexplorer.usgs.gov/","Landsat 8/9 at 30 m (15 m pan) with 8-16 day revisit, Sentinel-2 mirror, plus declassified historical Corona/Hexagon imagery of Soviet-era infrastructure. 30 m is coarse for tactical work but excellent for burn scars, flooding, reservoir levels and large industrial fires.","Landsat thermal (TIRS) and SWIR bands detect large fires and hot industrial targets, and the long archive plus declassified Cold War imagery supports reconstruction of pre-war baseline infrastructure.","2026-08-19"
"USGS Earthquake FDSN event web service","https://earthquake.usgs.gov/fdsnws/event/1/","Satellite/Sensor","Government","Western","English","Point-geolocated incidents","Real-time","Free","REST API + GeoJSON/QuakeML/CSV (earthquake.usgs.gov/fdsnws/event/1/query?format=geojson&...)","API","https://earthquake.usgs.gov/fdsnws/event/1/","Global catalogue with automated and reviewed solutions; detection threshold over Ukraine is roughly M2.5-3.5 given station spacing, so only very large explosions (major ammunition depots, the Nord Stream blasts, dam-scale events) register. Locations for shallow explosions carry kilometre-scale uncertainty and are often initially mislabelled as earthquakes.","Seismic detections give an independent, timestamped, coordinate-bearing record of the very largest explosions in and around Ukraine, immune to any party's information operations.","2026-08-19"
"USGS LandsatLook viewer","https://landsatlook.usgs.gov/","Satellite/Sensor","Government","Western","English","Raw imagery/sensor data","Weekly","Free","STAC API (landsatlook.usgs.gov/stac-server) and COG access on AWS","Website","https://landsatlook.usgs.gov/","Cloud-optimised Landsat Collection 2 access with quick visual comparison and time slider; no login for browsing. Same 30 m/16 day limits as Landsat.","Quick visual and thermal-band checks of large Ukrainian sites (refineries, power plants, reservoirs) with a STAC endpoint suitable for automation.","2026-08-19"
"Vantor (formerly Maxar) Open Data Program","https://vantor.com/company/open-data-program/","Satellite/Sensor","Commercial","Western","English","Raw imagery/sensor data","Irregular","Free","Open data releases as COGs with STAC catalogues; also mirrored at registry.opendata.aws/maxar-open-data","Website","https://vantor.com/company/open-data-program/","30-50 cm WorldView/GeoEye imagery released free under CC BY-NC 4.0 for selected crisis events. Ukraine coverage is event-driven and sparse rather than continuous; releases are curated, so absence of an event means no release, not no imagery.","When activated, gives the public genuinely tactical-resolution imagery (individual vehicles, revetments, crater fields, destroyed buildings) for a specific Ukrainian area and date.","2026-08-19"
"Vantor (Maxar) News Bureau","https://vantor.com/company/news-bureau/","Satellite/Sensor","Commercial","Western","English","Point-geolocated incidents","Irregular","Free","None (press-release imagery with captions and coordinates)","Website","https://vantor.com/company/news-bureau/","Curated, media-licensed 30-50 cm frames with dates and place names; the source of most widely republished satellite images of Ukrainian strike damage, convoys and airbases. Selection is editorial and heavily Western-media driven.","Provides the annotated high-resolution before/after frames of specific Ukrainian events (airbase strikes, destroyed bridges, mass graves, Black Sea Fleet losses) that anchor many public geolocation claims.","2026-08-19"
"ACLED API (Armed Conflict Location & Event Data)","https://acleddata.com/api-documentation/getting-started","Structured Dataset/API","Think Tank/NGO","International/Neutral","English","Point-geolocated incidents","Weekly","Free w/ registration","REST JSON/CSV/XLSX API: GET https://acleddata.com/api/acled/read with OAuth Bearer token obtained by POST to https://acleddata.com/oauth/token (myACLED username/password grant)","API","https://acleddata.com/api/acled/read","Verified Aug 2026: acleddata.com/api/acled/read returns 403 without a token (endpoint live); the legacy api.acleddata.com host no longer resolves. Free for non-commercial/research use under ACLED Terms of Use with attribution; commercial use requires a licence. Each event carries geo_precision 1-3 - only precision 1 is settlement-accurate. Weekly Tuesday release, ~5-10 day lag.","The reference geocoded conflict-event dataset for Ukraine: battles, shelling, drone/missile strikes and civilian targeting with lat/lon, actor, fatality and source fields, from 2018 onward.","2026-08-19"
"ACLED Ukraine conflict events on HDX (no API key)","https://data.humdata.org/dataset/ukraine-acled-conflict-data","Structured Dataset/API","Think Tank/NGO","International/Neutral","English","Oblast-level","Weekly","Free","XLSX resources via CKAN: https://data.humdata.org/api/3/action/package_show?id=ukraine-acled-conflict-data then fetch resource download URLs","Data portal","https://data.humdata.org/api/3/action/package_show?id=ukraine-acled-conflict-data","Verified 200; metadata_modified 2026-08-19, coverage 2018-01-01 to present. Licence shown as 'Other' (ACLED terms). Aggregated to admin1/admin2 by month-year - not point-level, but requires no ACLED account.","Free, key-free mirror of ACLED's Ukraine political-violence, civilian-targeting and demonstration counts aggregated to oblast/raion by month.","2026-08-19"
"Cline Center SPEED (Social, Political and Economic Event Database)","https://clinecenter.illinois.edu/project/human-loop-event-data-projects/SPEED","Structured Dataset/API","Academic","International/Neutral","English","Point-geolocated incidents","Archived","Free w/ registration","Dataset downloads via Illinois Data Bank / Illinois Experts records (CSV, Stata)","Data portal","https://clinecenter.illinois.edu/project/human-loop-event-data-projects/SPEED","Verified 200 (note: the older /project/human-conflict/SPEED path is now 404). Human-coded civil unrest and repression events, historically 1946-2005/2009 - it does NOT cover the 2022+ war. Included only as a historical baseline; the Cline Center's Phoenix machine-coded series is the more current sibling.","Human-coded historical civil-unrest and political-violence event data; useful for long-run Ukraine baselines, not for current frontline tracking.","2026-08-19"
"conflict-investigations/media-search-engine","https://github.com/conflict-investigations/media-search-engine","Structured Dataset/API","Volunteer Community","International/Neutral","English","Point-geolocated incidents","Irregular","Free","Self-hostable search index over Bellingcat, Cen4InfoRes and similar geolocated media databases; ingests their JSON exports","GitHub","https://github.com/conflict-investigations/media-search-engine","Verified 200; last pushed 2026-06-13 (recently maintained). Open-source. Depends on upstream databases' availability, several of which are now frozen.","Search geolocated social-media evidence across multiple OSINT incident databases at once - useful for resolving what happened at a given coordinate.","2026-08-19"
"conflict-investigations/osint-geo-extractor","https://github.com/conflict-investigations/osint-geo-extractor","Structured Dataset/API","Volunteer Community","International/Neutral","English (Python)","Point-geolocated incidents","Irregular","Free","Python library (pip) that normalises Bellingcat, Cen4InfoRes, GeoConfirmed, Texty and DeepState sources into a common geo record schema","GitHub","https://github.com/conflict-investigations/osint-geo-extractor","Verified 200; last pushed 2024-01-20 so endpoint drift is likely (e.g. the GeoConfirmed collection naming). Open-source licence in repo. Read it as a schema-mapping reference even where the fetchers need patching.","Ready-made normalisation layer that maps several Ukraine OSINT incident databases onto one geo schema - a shortcut for an aggregator's ingest design.","2026-08-19"
"EM-DAT public interface","https://public.emdat.be/","Structured Dataset/API","Academic","International/Neutral","English","Oblast-level","Monthly","Free w/ registration","Web query builder with XLSX export; free academic account required. Ukraine country profile also mirrored on HDX (emdat-country-profiles-ukr)","Data portal","https://public.emdat.be/","Verified 200. CC BY 4.0 for non-commercial use after registration. EM-DAT records natural and technological disasters, not armed conflict - relevant to Ukraine only for dam/flood and industrial events (e.g. Kakhovka). Country-level granularity, monthly refresh.","Disaster-loss database useful for the non-combat destructive events (floods, dam failure, industrial accidents) that overlap the Ukrainian conflict record.","2026-08-19"
"Europe VIIRS/MODIS active fire detections on HDX","https://data.humdata.org/dataset/nasa-firms-active-fire-europe-viirs","Structured Dataset/API","Government","International/Neutral","English","Point-geolocated incidents","Daily","Free","CSV resources refreshed daily; discoverable via https://data.humdata.org/api/3/action/package_show?id=nasa-firms-active-fire-europe-viirs","Data portal","https://data.humdata.org/dataset/nasa-firms-active-fire-europe-viirs","Verified via CKAN search (licence other-pd-nr i.e. public domain, no restrictions; open-ended coverage from 2012 for VIIRS and 2000 for MODIS). Pre-clipped to Europe so no bounding-box maths or API key needed - convenient but coarser update cadence than the FIRMS API.","Key-free daily CSV of VIIRS/MODIS fire detections over Europe including all of Ukraine - the simplest way to add a thermal-anomaly layer to an aggregator.","2026-08-19"
"GADM 4.1 Ukraine boundaries","https://gadm.org/","Structured Dataset/API","Academic","International/Neutral","English","Settlement-level polygons","Archived","Free","Direct file downloads: https://geodata.ucdavis.edu/gadm/gadm4.1/json/gadm41_UKR_1.json.zip (also gpkg, shp, and levels 0-3)","Data portal","https://geodata.ucdavis.edu/gadm/gadm4.1/json/gadm41_UKR_1.json.zip","Verified 200. Free for academic and other non-commercial use only - redistribution and commercial use require permission, which matters for an aggregator. Boundary vintage predates Ukraine's 2020 raion reform in places, so names and raion counts will not match KATOTTG.","Long-standing global admin-boundary set, useful as a fallback or for cross-country comparability - but licence-restricted and administratively out of date for Ukraine.","2026-08-19"
"GDELT 2.0 raw event/GKG files","https://www.gdeltproject.org/data.html","Structured Dataset/API","Academic","International/Neutral","Multilingual (100+ via translingual)","Point-geolocated incidents","Real-time","Free","CSV.zip files every 15 minutes; manifest at http://data.gdeltproject.org/gdeltv2/lastupdate.txt, files at data.gdeltproject.org/gdeltv2/{YYYYMMDDHHMMSS}.{export|mentions|gkg}.CSV.zip","Data portal","http://data.gdeltproject.org/gdeltv2/lastupdate.txt","Verified 200 - lastupdate.txt served a 2026-08-19 19:30 UTC batch while testing. Free for non-commercial and most research use (see GDELT terms); BigQuery mirror also public. Geocoding is automated from news text, so precision is coarse and false positives are common - treat as a lead-generation firehose, not ground truth.","A 15-minute global news event and geo-mention firehose; the fastest machine-readable signal that something is being reported at a named Ukrainian place, with CAMEO codes and lat/lon.","2026-08-19"
"GDELT DOC 2.0 API","https://blog.gdeltproject.org/gdelt-doc-2-0-api-debuts/","Structured Dataset/API","Academic","International/Neutral","Multilingual","Narrative/no coordinates","Real-time","Free","REST JSON/CSV: GET https://api.gdeltproject.org/api/v2/doc/doc?query=...&mode=artlist&format=json (also mode=timelinevol, geo modes)","API","https://api.gdeltproject.org/api/v2/doc/doc","Documented endpoint; live host verified but returned HTTP 429 on test calls - the service is aggressively rate-limited and has no key, so back off and cache. No SLA; article-level only.","Keyword/geo search over GDELT's rolling global news index - handy for pulling the source articles behind a place-name spike without downloading raw 15-minute files.","2026-08-19"
"geoBoundaries API (Ukraine ADM0-ADM3)","https://www.geoboundaries.org/","Structured Dataset/API","Academic","International/Neutral","English","Settlement-level polygons","Irregular","Free","REST JSON metadata + GeoJSON download links: https://www.geoboundaries.org/api/current/gbOpen/UKR/ADM3/","API","https://www.geoboundaries.org/api/current/gbOpen/UKR/ADM3/","Verified 200 with a real JSON response (UKR ADM3 'Village Councils', 2021 vintage, source OSM, CC BY-SA 2.0). gbOpen release is redistributable; gbAuthoritative/gbHumanitarian have stricter terms. ADM3 vintage is pre-KATOTTG in places, so reconcile against COD-AB.","Stable, versioned, programmatically fetchable Ukrainian admin polygons down to village-council level - convenient when you need consistent ADM3 geometry without a portal download.","2026-08-19"
"GeoConfirmed Ukraine API","https://geoconfirmed.org/","Structured Dataset/API","Independent OSINT","International/Neutral","English","Point-geolocated incidents","Multiple daily","Free","REST JSON/CSV, no auth. Spec at /openapi/v1.json (NOT /swagger/). GET /api/Placemark/{conflict}/geojson -> 59,359 dated Point features (2014-03-03..2026-08-19); GET /api/Map/export/{conflict}/csv -> 59,337 rows semicolon-delimited UTF-8 BOM with Date;Name;Faction;Origin;Latitude;Longitude;PlusCode;Description;Source;Geolocation;Equipment;Units;OrbatUnits;Id; GET /api/Placemark/detail/{id}; GET /api/Conflict lists 20 conflicts (Ukraine=UKR); POST /api/Placemark/filter for server-side paging.","API","https://geoconfirmed.org/api/Map/export/Ukraine/csv (richest); https://geoconfirmed.org/api/Placemark/Ukraine/geojson; https://geoconfirmed.org/openapi/v1.json","Volunteer-verified geolocations to building precision, each row carrying a source URL plus unit/ORBAT attribution - the richest machine-readable event feed found. CAVEAT: /api/placemark/Ukraine (lowercase, no suffix) returns only the icon taxonomy, not data. Coverage is event-driven, so absence of points is not absence of fighting.","Volunteer-verified, building-precision geolocations of war footage and incidents across Ukraine, current to within a day - the best free source for exact event coordinates.","2026-08-19"
"Geofabrik OSM extracts for Ukraine","https://download.geofabrik.de/europe/ukraine.html","Structured Dataset/API","Commercial","International/Neutral","Multilingual","Settlement-level polygons","Daily","Free","Daily .osm.pbf, .osm.bz2 and shapefile extracts, plus daily change files (.osc.gz) for incremental updates","Data portal","https://download.geofabrik.de/europe/ukraine.html","Verified 200. ODbL. Rebuilt daily with a full internal-difference update stream, so you can maintain a local Ukraine OSM mirror cheaply instead of hammering Overpass. Includes historical snapshots on request.","Bulk daily OpenStreetMap extracts covering all of Ukraine - the practical foundation for self-hosted geocoding and settlement matching at aggregator scale.","2026-08-19"
"GeoNames gazetteer (Ukraine dump + API)","https://www.geonames.org/","Structured Dataset/API","Volunteer Community","International/Neutral","Multilingual (alternate names table)","Settlement-level polygons","Weekly","Free w/ registration","Bulk TSV: https://download.geonames.org/export/dump/UA.zip plus alternateNames.zip; REST JSON API at http://api.geonames.org/searchJSON?q=...&username=<user>","Data portal","https://download.geonames.org/export/dump/UA.zip","Both verified 200 (API tested with the demo username, which is rate-capped - register a free account). CC BY 4.0. Daily-rebuilt dumps; feature codes distinguish populated places from admin divisions. Alternate-names table carries Cyrillic, Latin transliterations and historical names, which is exactly what disambiguating duplicate Ukrainian toponyms requires.","A licence-clean, download-once gazetteer of every Ukrainian populated place with coordinates, admin codes, population and multi-script alternate names.","2026-08-19"
"HALO Trust Ukraine mine-action programme data","https://www.halotrust.org/where-we-work/europe-and-caucasus/ukraine/","Structured Dataset/API","Think Tank/NGO","International/Neutral","English","Settlement-level polygons","Irregular","Free","Programme reporting and Esri-hosted survey maps; task-level contamination data is shared with national authorities rather than published as open downloads","Website","https://www.halotrust.org/where-we-work/europe-and-caucasus/ukraine/","Verified 200. HALO's Ukraine survey teams feed IMSMA and publish selected ArcGIS story maps; the underlying hazardous-area polygons are not openly licensed for download. Treat the public material as indicative, and mine.dsns.gov.ua / GICHD as the data route.","Largest non-governmental survey effort mapping Ukrainian hazardous areas; its public maps and reports indicate where post-combat contamination has been formally surveyed.","2026-08-19"
"HDX HAPI - conflict events REST API","https://hapi.humdata.org/docs","Structured Dataset/API","Government","International/Neutral","English","Oblast-level","Weekly","Free API key","REST JSON: GET https://hapi.humdata.org/api/v2/coordination-context/conflict-events?location_code=UKR&app_identifier=<base64 name:email>; OpenAPI at /openapi.json; identifier mintable at /api/v2/encode_app_identifier","API","https://hapi.humdata.org/api/v2/coordination-context/conflict-events?location_code=UKR","Verified 200 with a self-generated base64 app_identifier (no approval needed). v0.9.14. Returns ACLED-sourced event/fatality counts by admin1/admin2 and event_type with reference periods. CC-BY per underlying HDX datasets. Admin-unit aggregates only - no coordinates.","OCHA's unified humanitarian API: a single well-documented endpoint for Ukraine conflict-event and fatality counts by raion, plus IDP, population and needs endpoints for the same admin codes.","2026-08-19"
"HDX Ukraine crisis data catalogue + CKAN API","https://data.humdata.org/group/ukr","Structured Dataset/API","Government","International/Neutral","English, Ukrainian","Mixed","Daily","Free","CKAN v3 REST API: https://data.humdata.org/api/3/action/package_search?fq=groups:ukr&rows=... and package_show?id=<dataset>; each resource exposes a direct download URL","Data portal","https://data.humdata.org/api/3/action/package_search?fq=groups:ukr","Verified 200; the Ukraine group held 244 datasets at test time with per-dataset licences visible in the API (mostly CC BY / CC BY-IGO / CC BY-SA). Fully key-free and paginated - the single best programmatic entry point for discovering new Ukraine datasets as they appear.","OCHA's Ukraine data catalogue with a plain CKAN API: admin boundaries, ACLED events, WHO health attacks, IDP figures, fire detections, port activity and damage assessments all discoverable and downloadable in one query pattern.","2026-08-19"
"HOT OSM building footprints of Ukraine (HDX)","https://data.humdata.org/dataset/hotosm_ukr_buildings","Structured Dataset/API","Volunteer Community","International/Neutral","English","Settlement-level polygons","Weekly","Free","SHP / GeoPackage zips plus JSON metadata from the HOT raw-data API S3 bucket","Data portal","https://production-raw-data-api.s3.amazonaws.com/ISO3/UKR/buildings/hotosm_ukr_buildings_osm_gpkg.zip","Verified via CKAN package_show (metadata_modified 2026-08-08); ODC-ODbL. Coverage reflects volunteer mapping effort - urban areas dense, rural frontline areas sparser. Regenerated on a rolling schedule from live OSM.","Every OSM-tagged building in Ukraine as ready-to-use vectors - the denominator layer for damage-assessment joins and for resolving strike reports to specific structures.","2026-08-19"
"Insecurity Insight - explosive weapons and sector attack datasets (Ukraine)","https://data.humdata.org/dataset/explosive-weapons-use-affecting-aid-access-education-and-healthcare-services","Structured Dataset/API","Think Tank/NGO","International/Neutral","English","Oblast-level","Monthly","Free","XLSX/CSV dumps on HDX; sibling datasets include ukraine-data-on-attacks-on-aid-operations-education-health-and-protection, sind-safeguarding-healthcare-monthly-news-briefs-dataset, conflict-related-incidents-affecting-water-systems","Data portal","https://data.humdata.org/dataset/explosive-weapons-use-affecting-aid-access-education-and-healthcare-services","Verified 200; CC BY-SA, coverage running to 2026 and updated monthly. Media-and-partner-monitoring based, so it is an incident register rather than a census; records name settlements and oblasts, coordinates are inconsistent.","Monthly structured registers of explosive-weapon incidents affecting health, education, water and aid operations in Ukraine - good coverage of infrastructure strikes that ACLED codes only as generic shelling.","2026-08-19"
"IOM DTM Ukraine displacement data (API + HDX mirror)","https://data.humdata.org/dataset/ukr-iom-dtm-from-api","Structured Dataset/API","Government","International/Neutral","English","Oblast-level","Monthly","Free w/ registration","IOM DTM v3 REST API (subscription key from the DTM Developer Portal, documented at dtm.iom.int/data-and-analysis/dtm-api); CKAN CSV mirror on HDX","Data portal","https://data.humdata.org/dataset/ukr-iom-dtm-from-api","HDX mirror verified 200; dtm.iom.int itself returns HTTP 403 to non-browser clients so the API portal must be reached interactively. API exposes only non-sensitive IDP figures at country/admin1/admin2. Monthly-to-quarterly rounds, several weeks lag. Attribution to IOM required.","IDP and returnee counts by oblast and raion - a lagging but systematic indicator of which frontline districts are emptying or being repopulated.","2026-08-19"
"NASA FIRMS active fire API","https://firms.modaps.eosdis.nasa.gov/api/area/","Structured Dataset/API","Government","International/Neutral","English","Point-geolocated incidents","Multiple daily","Free API key","REST CSV: https://firms.modaps.eosdis.nasa.gov/api/area/csv/{MAP_KEY}/{source}/{area}/{dayRange}[/{date}] where area is west,south,east,north; sources include VIIRS_SNPP_NRT, VIIRS_NOAA20_NRT, MODIS_NRT","API","https://firms.modaps.eosdis.nasa.gov/api/area/","API landing page verified 200; a bare csv/ path returns 400 as expected without a MAP_KEY (free self-service key). Public domain (NASA). ~3-hour NRT latency, 375 m VIIRS pixels, several passes daily. Thermal anomalies include agricultural burning and industrial heat, so filtering is essential - but shelling, strikes and burning vehicles show up.","Free near-real-time geolocated thermal anomalies over Ukraine - an independent, non-OSINT signal of where intense fighting and fires are occurring, on a several-hour cadence.","2026-08-19"
"Nominatim geocoding API","https://nominatim.openstreetmap.org/","Structured Dataset/API","Volunteer Community","International/Neutral","Multilingual","Point-geolocated incidents","Real-time","Free","REST JSON: /search?q=...&format=jsonv2, /reverse?lat=&lon=&format=jsonv2, /lookup?osm_ids=","API","https://nominatim.openstreetmap.org/search?q=Pokrovsk&format=jsonv2&limit=1","Verified 200 with a live query. ODbL data; the public instance's usage policy caps you at ~1 request/second with a required identifying User-Agent and forbids bulk geocoding - self-host or use a commercial mirror for aggregator-scale volumes.","Turns Ukrainian place names from Telegram and press reports into coordinates and admin hierarchy; the default free geocoder for OSM-based pipelines.","2026-08-19"
"OpenStreetMap Overpass API","https://overpass-api.de/api/interpreter","Structured Dataset/API","Volunteer Community","International/Neutral","Multilingual (name, name:uk, name:ru, old_name)","Settlement-level polygons","Real-time","Free","Overpass QL over HTTP POST/GET to https://overpass-api.de/api/interpreter (JSON or XML out); mirrors at kumi.systems and overpass.private.coffee","API","https://overpass-api.de/api/interpreter","Verified with a live Overpass QL POST returning valid JSON (timestamp_osm_base 2026-08-19). ODbL - share-alike attribution obligations apply to derived databases. Public instances are rate-limited/quota'd; run your own for bulk work. HEAD requests return 406, so probe with a real query.","Query any Ukrainian settlement, road, bridge, railway or building by name/tag and get its geometry - including name:uk, name:ru and old_name tags that make transliteration and renaming matches tractable.","2026-08-19"
"ReliefWeb API v2","https://apidoc.reliefweb.int/","Structured Dataset/API","Government","International/Neutral","English","Narrative/no coordinates","Multiple daily","Free w/ registration","REST JSON: GET https://api.reliefweb.int/v2/reports?appname=<approved-appname>&filter[field]=country&limit=...; also /v2/disasters, /v2/jobs","API","https://api.reliefweb.int/v2/reports","Verified Aug 2026: v1 is retired (HTTP 410) and v2 rejects unregistered appnames with HTTP 403 pointing to apidoc.reliefweb.int/parameters#appname - you must request an approved appname. Free, no cost. Full-text situation reports, not coordinates.","Machine-readable index of every UN/NGO Ukraine situation report and humanitarian snapshot - the text layer behind oblast-level incident and displacement claims.","2026-08-19"
"tak-feeder-deepstate (sgofferj)","https://github.com/sgofferj/tak-feeder-deepstate","Structured Dataset/API","Volunteer Community","International/Neutral","English","Settlement-level polygons","Real-time","Free","Code: polls DeepStateMap API, emits CoT to a TAK server","GitHub","","Integration glue, not a data source; documents the DeepStateMap API contract in code.","Feeder that pulls deepstatemap.live data and pushes it into a TAK (Team Awareness Kit) server; a concrete working example of consuming the DeepState API.","2026-08-19"
"UCDP Candidate Events Dataset (monthly, ~1 month lag)","https://ucdp.uu.se/downloads/index.html#candidate","Structured Dataset/API","Academic","International/Neutral","English","Point-geolocated incidents","Monthly","Free","Monthly CSV/XLSX candidate-GED dumps; codebook at ucdp.uu.se/downloads/candidateged/ucdp-candidate-codebook1.3.pdf","Data portal","https://ucdp.uu.se/downloads/candidateged/ucdp-candidate-codebook1.3.pdf","Verified 200. CC BY 4.0. Same coding as GED but released monthly with under a month's lag; events may be revised or dropped in the annual GED. Useful when GED's annual cadence is too slow.","Near-current monthly instalments of UCDP GED, keeping the georeferenced fatal-event series within about a month of real time.","2026-08-19"
"UCDP Georeferenced Event Dataset (GED) download centre","https://ucdp.uu.se/downloads/","Structured Dataset/API","Academic","International/Neutral","English","Point-geolocated incidents","Monthly","Free","Bulk CSV / XLSX / Stata / R dumps per dataset version; Ukraine filtered by country id 369","Data portal","https://ucdp.uu.se/downloads/","Verified 200. Free under CC BY 4.0 with citation. Strictest verification standard of the event datasets (only incidents with >=1 confirmed direct death, conservative sourcing), so it systematically undercounts Ukraine relative to ACLED. Annual GED release plus monthly Candidate releases; where_prec field flags coordinate quality.","Uppsala's academically peer-reviewed geocoded lethal-violence events - the highest-precision, lowest-recall point dataset for cross-validating other Ukraine event feeds.","2026-08-19"
"Ukraine subnational administrative boundaries (OCHA COD-AB) on HDX","https://data.humdata.org/dataset/cod-ab-ukr","Structured Dataset/API","Government","International/Neutral","English, Ukrainian","Settlement-level polygons","Irregular","Free","GeoJSON / SHP / Geodatabase / XLSX downloads; discoverable via https://data.humdata.org/api/3/action/package_show?id=cod-ab-ukr","Data portal","https://data.humdata.org/dataset/d23f529f-31e4-4021-a65b-13987e5cfb42/resource/681beb86-391b-4a08-8140-ca52e80fcdce/download/ukr_admin_boundaries.geojson.zip","Verified 200; metadata_modified 2026-08-14, boundary vintage Sept 2025, sourced from SSPE Kartographia via OCHA FISS. CC BY-IGO. Carries the official post-2020 KATOTTG hromada/raion codes, so it is the join key for almost every UN/NGO Ukraine dataset.","The authoritative, licence-clean oblast/raion/hromada polygon set with official codes - the base layer for aggregating any point-level event feed to Ukrainian admin units.","2026-08-19"
"UNESCO monitoring of damaged cultural sites in Ukraine","https://www.unesco.org/en/ukraine-war/monitoring-cultural-heritage","Structured Dataset/API","Government","International/Neutral","English","Oblast-level","Monthly","Free","Verified-site counts and lists published as HTML/PDF by oblast and heritage category; no public API or bulk geodata","Website","https://www.unesco.org/en/ukraine-war/monitoring-cultural-heritage","Verified 200 (the /en/articles/damaged-cultural-sites... path blocks non-browser clients with 403). UNESCO verifies each site before listing, so figures are a conservative floor and lag by weeks. Oblast and site-name granularity only - you must geocode names yourself.","Officially verified inventory of damaged Ukrainian religious buildings, museums, monuments and libraries by oblast - a distinct damage stratum absent from most conflict datasets.","2026-08-19"
"UNOSAT / UNITAR Ukraine damage assessments","https://unosat.org/products/","Structured Dataset/API","Government","International/Neutral","English","Settlement-level polygons","Irregular","Free","Per-product PDF maps plus shapefile/geodatabase exports; many products also mirrored as HDX datasets with SHP/CSV resources (searchable via the HDX CKAN API)","Data portal","https://unosat.org/products/","Verified 200 (country filter also 200). Free with UNITAR/UNOSAT attribution. Analyst-reviewed manual vector digitisation of damaged structures - very high precision, but city-by-city and event-driven with weeks of lag; HDX mirrors are the machine-readable route (e.g. Mariupol, Kharkiv, Sumy, Kremenchuk, Kherson, Nova Kakhovka assessments).","UN satellite-imagery damage analyses giving per-building damage points/polygons for specific Ukrainian cities - the reference standard for verified destruction geometry.","2026-08-19"
"WHO Surveillance System for Attacks on Health Care - Ukraine","https://data.humdata.org/dataset/ukraine-who-ssa","Structured Dataset/API","Government","International/Neutral","English","Oblast-level","Weekly","Free","CSV resource (Google-Sheets-published CSV) plus methodological note PDF; discoverable via https://data.humdata.org/api/3/action/package_show?id=ukraine-who-ssa","Data portal","https://data.humdata.org/dataset/ukraine-who-ssa","Verified via CKAN: CC BY licence, metadata_modified 2026-08-18, coverage from 2022-02-24 with no end date (ongoing). WHO applies a formal verification standard, so counts are conservative and lag incidents by days to weeks. Attack records carry admin unit and facility type rather than precise coordinates. Live dashboard at extranet.who.int/ssa (verified 200).","Systematically verified attacks on Ukrainian health facilities, transport and personnel with dates, oblasts and impact types - a high-credibility proxy for where strikes are landing on populated areas.","2026-08-19"
"Wikidata SPARQL query service","https://query.wikidata.org/","Structured Dataset/API","Volunteer Community","International/Neutral","Multilingual","Settlement-level polygons","Real-time","Free","SPARQL over HTTP: GET/POST https://query.wikidata.org/sparql with Accept: application/sparql-results+json","API","https://query.wikidata.org/sparql","Verified 200 with a live SPARQL query returning JSON bindings. CC0 data. Requires a descriptive User-Agent; queries time out at 60 s so paginate. Coverage of small Ukrainian villages is uneven and KATOTTG/KOATUU properties are not universally populated.","Query Ukrainian settlements by admin parent, coordinates, KATOTTG/KOATUU code, historical and Russian-language names, and renaming events - the best single source for linking a reported toponym to a stable identifier.","2026-08-19"
"Wikipedia: List of Ukrainian place names affected by decommunization","https://en.wikipedia.org/wiki/List_of_Ukrainian_place_names_affected_by_decommunization","Structured Dataset/API","Volunteer Community","International/Neutral","English, Ukrainian","Narrative/no coordinates","Irregular","Free","Wikitables parseable via the MediaWiki API (action=parse / action=query&prop=revisions) or Wikidata SPARQL for the same rename events","Website","https://en.wikipedia.org/wiki/List_of_Ukrainian_place_names_affected_by_decommunization","Verified 200. CC BY-SA. Community-maintained and incomplete relative to the ~1,000 settlements and 51,000+ toponyms renamed since 2014 (and the further wave of derussification renames after 2022), but it is the only consolidated free old-name/new-name table in English. Cross-check against Wikidata and OSM old_name tags.","Old-name to new-name pairs for renamed Ukrainian settlements - directly addresses the matching failures caused by decommunization and derussification when older sources use pre-rename toponyms.","2026-08-19"
"Lostarmour.info (Russian-side loss and strike catalogue)","https://lostarmour.info/","Structured Dataset/API","Milblogger","Russian","Russian","Point-geolocated incidents","Daily","Free","No public data API (probed /api paths -> 404; only a third-party comments API is exposed). Server-rendered catalogue pages plus /map and /map_la interactive loss maps; scraping required","Website","https://lostarmour.info/map_la","Verified 200 for /, /map, /map_la, /armour, /articles. Russian-perspective mirror-image of Oryx: catalogues claimed Ukrainian equipment, vehicle, artillery, aviation and personnel losses with photo evidence, plus dedicated Kursk and Kharkiv sections. Partisan sourcing - treat as claims requiring cross-checking; no licence, expect anti-bot friction.","Essential counterpart for Ukrainian-side attrition claims with an accompanying loss map; the only large structured Russian-perspective equipment catalogue.","2026-08-19"
"Mediazona / BBC Russian confirmed Russian military deaths","https://en.zona.media/article/2026/08/14/casualties_eng-trl","Structured Dataset/API","Media","Russian","Russian, English","Oblast-level","Weekly","Free","No official API or CSV release; figures published as regularly updated articles with embedded charts, so extraction requires scraping the article or its chart payloads","Website","https://en.zona.media/article/2026/08/14/casualties_eng-trl","Verified: the canonical /casualties_eng URL redirects to the current instalment (2026-08-14 at test time), so it self-updates. Names confirmed from obituaries, local media and official statements jointly with BBC News Russian; the authors state it is a floor, not a total (~233k named by mid-2026). No public repo despite the mediazona GitHub org existing.","The most rigorous named-death count for the Russian side, broken down by region and time - a demand-side indicator of offensive intensity rather than a geolocated event feed.","2026-08-19"
"cyterat/deepstate-map-data (daily DeepState GeoJSON archive)","https://github.com/cyterat/deepstate-map-data","Structured Dataset/API","Volunteer Community","Ukrainian","English","Settlement-level polygons","Daily","Free","GeoJSON files per date in /data plus consolidated deepstate-map-data.geojson.gz; raw download via raw.githubusercontent.com","GitHub","https://raw.githubusercontent.com/cyterat/deepstate-map-data/main/deepstate-map-data.geojson.gz","Verified 200 and last commit 2026-08-19 03:45 UTC - GitHub Action runs daily at 03:00 UTC. MIT-style repo LICENSE covers code; underlying geometry is DeepState's. Ready-made archive avoids hitting the DeepState API for history.","Occupied-territory MultiPolygon GeoJSON snapshots of DeepStateMap, one file per day, plus a single gzipped file holding all historical geometries with their dates.","2026-08-19"
"data.gov.ua open data portal (CKAN)","https://data.gov.ua/","Structured Dataset/API","Government","Ukrainian","Ukrainian","Mixed","Daily","Free","CKAN v3 REST API: https://data.gov.ua/api/3/action/package_search?q=... and package_show; resources as CSV/XLSX/JSON","Data portal","https://data.gov.ua/api/3/action/package_search?q=%D0%B2%D1%96%D0%B9%D0%BD%D0%B0","Verified 200 for both the portal and a live CKAN query. Ukrainian government open data under the national open-data terms. Wartime publication of security-relevant registers has been curtailed and many datasets are stale or withdrawn; Ukrainian-language metadata only.","Ukraine's national open-data portal with a standard CKAN API - the source for official administrative registers, the KATOTTG codifier and infrastructure inventories used to resolve place names.","2026-08-19"
"deepstate-map-data-analytics (lazar-bit)","https://github.com/lazar-bit/deepstate-map-data-analytics","Structured Dataset/API","Volunteer Community","Ukrainian","English","Settlement-level polygons","Irregular","Free","Python/notebook code + derived data","GitHub","","Analysis code rather than a maintained feed; verify freshness before relying on it.","Analytics layer over DeepStateMap data computing occupied-area change over time; useful reference for turning polygons into territorial-change metrics.","2026-08-19"
"DeepStateMap.Live public history API","https://deepstatemap.live/api/history/public","Structured Dataset/API","Independent OSINT","Ukrainian","Ukrainian, English","Settlement-level polygons","Multiple daily","Free","REST JSON: GET /api/history/public returns every historical snapshot id + timestamp + change description; GET /api/history/{id}/geojson returns that snapshot's control polygons; GET /api/history/last returns current FeatureCollection","API","https://deepstatemap.live/api/history/public","Verified Aug 2026: /api/history/public (200, full snapshot index back to 2022-04-03), /api/history/last (200, GeoJSON FeatureCollection), /api/history/{id}/geojson (200). Bare /api/history returns 401. No documented licence - site terms only; heavy scraping discouraged. Ukrainian-perspective assessment, updated several times per day, ~hours lag behind Telegram claims.","The single most valuable free frontline-geometry time series: a queryable archive of every DeepState map snapshot since April 2022 as GeoJSON control polygons, plus a change note per snapshot.","2026-08-19"
"Kaggle: Massive Missile Attacks on Ukraine (piterfm)","https://www.kaggle.com/datasets/piterfm/massive-missile-attacks-on-ukraine","Structured Dataset/API","Volunteer Community","Ukrainian","English","Oblast-level","Daily","Free w/ registration","CSV dumps via Kaggle dataset API (kaggle datasets download -d piterfm/massive-missile-attacks-on-ukraine) or browser download","Data portal","https://www.kaggle.com/datasets/piterfm/massive-missile-attacks-on-ukraine","Verified 200. Requires a free Kaggle account for API/download. Compiled from Ukrainian Air Force daily reports - launch/target descriptions are textual place and oblast names rather than coordinates, and shot-down figures are Ukrainian claims. Frequent updates by the same maintainer as the General Staff losses repo.","Per-attack records of missile and Shahed strike waves (model, launched, destroyed, launch place, target region) - the best structured series for strike-wave geography at oblast level.","2026-08-19"
"KATOTTG / KOATUU administrative code reference (Zenodo)","https://zenodo.org/records/18863103","Structured Dataset/API","Academic","Ukrainian","Ukrainian, English","Oblast-level","Archived","Free","CSV download (katottg.csv, ~32k hierarchical records) via the Zenodo record and REST API at https://zenodo.org/api/records/18863103","Data portal","https://zenodo.org/api/records/18863103","Zenodo record and API verified reachable (Zenodo returns 403 to bare curl HEAD but serves normally to browsers/WebFetch). DOI-citable with an open CC licence. Contains both the legacy KOATUU codes and the current KATOTTG codes with hierarchy - the crosswalk you need because older Ukrainian datasets use KOATUU and newer ones use KATOTTG.","A frozen, citable dump of Ukraine's administrative-territorial codifier including the KOATUU-to-KATOTTG mapping - the key to joining pre- and post-2020 Ukrainian administrative data.","2026-08-19"
"KSE Institute - Russia Will Pay / Damages assessment","https://kse.ua/russia-will-pay/","Structured Dataset/API","Academic","Ukrainian","Ukrainian, English","Oblast-level","Irregular","Free","Periodic PDF/XLSX damage reports with oblast-level and sector-level tables; no public API","Website","https://kse.ua/russia-will-pay/","Verified 200. Run with Ukraine's Ministry of Economy, Ministry for Development of Communities and Territories and the NBU using World Bank RDNA methodology; latest published figure $197.5bn direct damage as of Feb 2026 (released Aug 2026). Semi-annual cadence, so months of lag; aggregate monetary values by sector/oblast rather than per-object geometry.","The authoritative monetary damage assessment for Ukrainian civilian infrastructure by oblast and sector - the economic layer over the geospatial damage record.","2026-08-19"
"mine.dsns.gov.ua - Ukrainian interactive map of mine-contaminated territories","https://mine.dsns.gov.ua/","Structured Dataset/API","Government","Ukrainian","Ukrainian","Settlement-level polygons","Irregular","Free","Interactive web map (no public JSON/API endpoint discoverable in the page source); contamination polygons served to the client only","Website","https://mine.dsns.gov.ua/","Verified 200. Operated by Ukraine's State Emergency Service and fed from the GICHD-built IMSMA national mine-action database. Official but deliberately generalised for public release; occupied and active-combat areas are unsurveyed by definition, so absence of contamination is not evidence of safety.","Official Ukrainian mine and explosive-ordnance contamination mapping - the best public indicator of where the fighting has been, since contamination polygons trace former frontlines.","2026-08-19"
"PetroIvaniuk/2022-Ukraine-Russia-War-Dataset (Ukrainian General Staff daily losses)","https://github.com/PetroIvaniuk/2022-Ukraine-Russia-War-Dataset","Structured Dataset/API","Volunteer Community","Ukrainian","English","Narrative/no coordinates","Daily","Free","JSON dumps: data/russia_losses_equipment.json, russia_losses_personnel.json, russia_losses_equipment_oryx.json, plus a corrections file","GitHub","https://raw.githubusercontent.com/PetroIvaniuk/2022-Ukraine-Russia-War-Dataset/main/data/russia_losses_equipment.json","Verified 200; last commit 2026-08-19 (updated daily). Mirrors the Ukrainian General Staff's official daily claims, which are unverified belligerent figures - useful as a claim series, not as ground truth, and explicitly contrasted with the Oryx column in the same repo. Repo carries an open licence.","Machine-readable daily Ukrainian General Staff claimed Russian personnel and equipment losses since 24 Feb 2022, aligned side-by-side with Oryx visual confirmations.","2026-08-19"
"saveschools.in.ua (education infrastructure damage)","https://saveschools.in.ua/en/","Structured Dataset/API","Government","Ukrainian","Ukrainian, English","Oblast-level","Weekly","Free","Web dashboard with oblast and institution-level damage counts; no documented public API or CSV export found","Website","https://saveschools.in.ua/en/","Verified 200. Ukrainian Ministry of Education-linked monitoring of damaged and destroyed educational institutions. Official Ukrainian figures - authoritative for the Ukrainian-controlled area, with no coverage of occupied territory. Extraction requires scraping.","Running national tally of damaged and destroyed Ukrainian schools and universities by region - a dense, geographically spread indicator of strike impact on civilian areas.","2026-08-19"
"testapiw/kodifikator (KATOTTG parser/importer)","https://github.com/testapiw/kodifikator","Structured Dataset/API","Volunteer Community","Ukrainian","Ukrainian","Oblast-level","Irregular","Free","Python tooling that downloads and parses the official Minregion KATOTTG spreadsheet into a relational/CSV structure","GitHub","https://github.com/testapiw/kodifikator","Verified 200. Open-source. Useful because the official source (minregion.gov.ua) blocks non-browser clients (HTTP 403 observed), so a maintained scraper is the practical path to the current codifier.","Keeps the official Ukrainian administrative codifier ingestible: automates fetching and parsing KATOTTG so settlement codes stay current as hromadas change.","2026-08-19"
"UALosses (named Ukrainian military dead and missing)","https://ualosses.org/en/soldiers/","Structured Dataset/API","Volunteer Community","Ukrainian","Ukrainian, English","Oblast-level","Daily","Free","No public API or bulk export found (tested /api/, /en/api/soldiers/ -> 404); paginated HTML tables with per-soldier detail pages, so scraping is required","Website","https://ualosses.org/en/soldiers/","Verified 200 (root redirects to /en/soldiers/). Built from obituaries, social media and official records by OSINT volunteers; over 90k named Ukrainian dead recorded as of 2026. Coverage is a lower bound and per-record locations are home/burial oblasts, not death locations. No stated open licence - scrape politely.","The largest named-casualty register for the Ukrainian side; useful for regional loss intensity over time but not for pinpointing where fighting occurred.","2026-08-19"
"WarSpotting API (documented Russian equipment losses)","https://ukr.warspotting.net/api/docs/","Structured Dataset/API","Volunteer Community","Ukrainian","English, Ukrainian","Point-geolocated incidents","Daily","Free","REST JSON, no auth (verified 2026-08-19): /api/losses/{russia|ukraine}/recent/ returns 100 items; /api/losses/russia/<YYYY-MM-DD>/[status]/; /api/losses/russia/<limit>/; /api/stats/russia/. Item fields: id,type,model,status,lost_by,date,nearest_location,geo(""lat,lon""),unit,tags.","API","https://ukr.warspotting.net/api/losses/russia/2026-08-10/","Photo-verified losses with real coordinates, but per-date results backfill with a lag (2026-08-15 returned 0 while /recent/ held 2026-08-19 items), so poll /recent/ AND re-poll past dates. Docs page is 200 to curl, 403 to headless fetchers. Russian-side coverage is far more complete than Ukrainian.","Photo-verified Russian equipment losses with per-item status and, where determined, coordinates and nearest settlement - the cleanest free JSON API for point-geolocated attrition.","2026-08-19"
"Bellingcat Civilian Harm in Ukraine (TimeMap) dataset","https://ukraine.bellingcat.com/","Structured Dataset/API","Independent OSINT","Western","English","Point-geolocated incidents","Archived","Free","JSON dump: https://bellingcat-embeds.ams3.cdn.digitaloceanspaces.com/production/ukr/timemap/api.json (also CSV/JSON export buttons in the UI)","API","https://bellingcat-embeds.ams3.cdn.digitaloceanspaces.com/production/ukr/timemap/api.json","Verified 200, 1.1 MB, 2517 incidents spanning 2022-02-24 to 2025-07-09 - i.e. the dataset has stopped being extended and is effectively archived as of Aug 2026. Each record has lat/lon, date, description, impact type, weapon system and source URLs, all researcher-verified. Bellingcat licence terms require attribution.","A closed but high-quality corpus of ~2.5k verified civilian-harm incidents with coordinates, impact category and source links - excellent training/validation data even though it no longer updates.","2026-08-19"
"Centre for Information Resilience Russia-Ukraine Monitor Map","https://maphub.net/Cen4infoRes/russian-ukraine-monitor","Structured Dataset/API","Think Tank/NGO","Western","English","Point-geolocated incidents","Irregular","Free","MapHub-hosted point layer; MapHub offers GeoJSON/KML export of public maps (no documented dedicated API)","Website","https://maphub.net/Cen4infoRes/russian-ukraine-monitor","Verified 200. Volunteer-verified, geolocated incident points with source links, curated by CIR. Update cadence has slowed markedly since 2023; treat as a large historical archive. Attribution to CIR required.","Thousands of verified, source-linked geolocated incidents from the CIR monitor map - a strong historical complement to GeoConfirmed.","2026-08-19"
"conflict-investigations/nzz-maps (NZZ territorial control archive)","https://github.com/conflict-investigations/nzz-maps","Structured Dataset/API","Volunteer Community","Western","English","Settlement-level polygons","Daily","Free","Raw CSV + per-day JSON geometry from GitHub, no auth (verified 2026-08-19): territory.csv has 1,638 daily ""date,area"" rows 2022-02-24..2026-08-19. Default branch is master, not main.","GitHub","https://raw.githubusercontent.com/conflict-investigations/nzz-maps/master/territory.csv","Verified 200; territory.csv current through 2026-08-19 and /data holds daily JSON from 2022-02-24 onward (2000+ files). Scrapes Neue Zuercher Zeitung's war map; derived data so NZZ copyright applies to the geometry. Note default branch is master, not main.","A second independent daily frontline-geometry time series (from NZZ's cartography) plus a clean daily occupied-area km2 series - useful as a cross-check against DeepState.","2026-08-19"
"Copernicus Data Space Ecosystem (Sentinel-1/2 archive and APIs)","https://dataspace.copernicus.eu/","Structured Dataset/API","Government","Western","English","Raw imagery/sensor data","Multiple daily","Free w/ registration","OData and STAC catalogue APIs plus Sentinel Hub OGC/Process APIs and an S3 archive; browser UI at dataspace.copernicus.eu/browser/","API","https://dataspace.copernicus.eu/","Verified 200 (browser UI also 200). Free registration; Copernicus open data licence with attribution, generous but quota'd processing units. Sentinel-1 SAR gives all-weather revisit useful for damage/coherence work; Sentinel-2 optical is cloud-dependent. Ukraine Sentinel-1 acquisition coverage has varied over the war.","The primary free source of the satellite imagery underlying independent damage and frontline analysis, with catalogue APIs suitable for automated Ukraine AOI monitoring.","2026-08-19"
"Copernicus EMS Rapid Mapping API and activations","https://mapping.emergency.copernicus.eu/activations/","Structured Dataset/API","Government","Western","English","Settlement-level polygons","Irregular","Free","REST JSON: https://rapidmapping.emergency.copernicus.eu/backend/dashboard-api/public-activations-info/ (paginated list) and .../public-activations/?code=EMSRxxx; vector products (grading/delineation) downloadable per AOI","API","https://rapidmapping.emergency.copernicus.eu/backend/dashboard-api/public-activations-info/","Both endpoints verified 200 Aug 2026 - the list endpoint returned 257 activations with codes, centroids, categories and lastUpdate timestamps (freshest entry 2026-08-19). Free and open under Copernicus data policy with attribution. Activation-driven, so Ukraine coverage is episodic (specific cities/events) rather than continuous.","Machine-readable index of every EU rapid-mapping activation with downloadable damage-grading and flood-delineation vectors - authoritative satellite-derived damage polygons for specific Ukrainian events.","2026-08-19"
"ETH Zurich Sentinel-1 war-destruction dataset for Ukraine (Zenodo)","https://zenodo.org/records/15088349","Structured Dataset/API","Academic","Western","English","Settlement-level polygons","Archived","Free","Zenodo downloads: buildings_preds.parquet (4.8 GB), n_buildings_damaged_adm3_t0_655.geojson, ukraine_final_preds_22_23_masked.tif, unosat_aois.geojson, unosat_labels.geojson; REST metadata at https://zenodo.org/api/records/15088349","Data portal","https://zenodo.org/api/records/15088349","Verified via WebFetch (Zenodo blocks bare curl HEAD with 403). CC BY 4.0, v2 published 2025-03-19, accompanying paper in Nature Communications Earth & Environment. Covers Feb 2022 - Feb 2024 only; predictions are model output validated against UNOSAT labels, not ground truth. Archived, not updated.","Nationwide, model-inferred building-damage predictions from Sentinel-1 InSAR coherence, aggregated to ADM3 and per-building - the only free country-wide damage layer for Ukraine's first two war years.","2026-08-19"
"ISW / CTP 'Assessed Control of Terrain in Ukraine' ArcGIS FeatureServer","https://services5.arcgis.com/SaBe5HMtmnbqSWlu/arcgis/rest/services/VIEW_RussiaCoTinUkraine_V3/FeatureServer/49","Structured Dataset/API","Think Tank/NGO","Western","English","Settlement-level polygons","Daily","Free","ArcGIS REST, no auth (verified 2026-08-19): base ?f=json enumerates 324 services; append /query?where=1%3D1&outFields=*&returnGeometry=true&f=geojson. Supports resultRecordCount/resultOffset paging, geometry filters, f=geojson|json|pbf.","API","VIEW_RussiaCoTinUkraine_V3/FeatureServer/49 (Polygon, has EditDate for diffing); Assessed_Russian_Gains_in_the_Past_24_Hours_view/FeatureServer/0 (Polygon); RUAF_Field_Fortifications_Polylines/FeatureServer/0 (LineString); also VIEW_ClaimedRussianTerritoryinUkraine_V2, AssessedRussianAdvanceInUkraine_V2_view, Claimed_Limit_of_Ukrainian_Advance_VIEW.","Verified 200, ~2.1 MB GeoJSON, fields include EditDate. Publicly readable with no key; ISW asks for attribution and its maps are for non-commercial reference. Layer URLs are discoverable from ArcGIS webmap item 9f04944a2fe84edab9da31750c2b15eb - note ISW renames services occasionally (the old Ukraine_Front_Line_NEW service is gone).","ISW/AEI Critical Threats assessed Russian-controlled area polygons, refreshed daily - the canonical Western frontline assessment in queryable GeoJSON form.","2026-08-19"
"ISW / CTP companion ArcGIS layers (24h gains, advances, infiltration, fortifications, settlements)","https://www.arcgis.com/home/item.html?id=9f04944a2fe84edab9da31750c2b15eb","Structured Dataset/API","Think Tank/NGO","Western","English","Mixed","Daily","Free","ArcGIS REST FeatureServers under services5.arcgis.com/SaBe5HMtmnbqSWlu; each layer supports /query?where=1=1&f=geojson. Layer list obtainable from arcgis.com/sharing/rest/content/items/9f04944a2fe84edab9da31750c2b15eb/data?f=json","API","https://services5.arcgis.com/SaBe5HMtmnbqSWlu/arcgis/rest/services/Assessed_Russian_Gains_in_the_Past_24_Hours_view/FeatureServer/0/query?where=1%3D1&outFields=*&f=geojson","Verified 200 for the 24h-gains layer and for Ukrainian_Settlements_Updated_view (29,655 features). ~24 named operational layers including Assessed Russian Infiltration Areas, Claimed Ukrainian Counteroffensives, Russian Field Fortifications (incl. Nathan Ruser/ASPI lines), Kakhovka flood extent. ISW attribution required; service names change without notice.","The rest of ISW's daily map stack as machine-readable layers: last-24h gains, claimed advances, infiltration areas, fortification lines, and a 29.6k-feature Ukrainian settlement-boundary polygon layer for name-to-polygon matching.","2026-08-19"
"leedrake5/Russia-Ukraine (Oryx + Naalsio geolocated losses + FIRMS archive)","https://github.com/leedrake5/Russia-Ukraine","Structured Dataset/API","Volunteer Community","Western","English","Point-geolocated incidents","Daily","Free","CSV dumps in /data: Naalsio/{avdiivka,kharkiv,krynky,kursk,zaporizhizhia}.csv (Andrew Perpetua's geolocated equipment losses), FIRMS/{YYYY-MM-DD}.csv daily fire detections from 2022-02-23, plus bySystem/ and byType/ Oryx series","GitHub","https://raw.githubusercontent.com/leedrake5/Russia-Ukraine/master/data/Naalsio/avdiivka.csv","Verified 200; last commit 2026-08-19 (actively maintained). Bundles Andrew Perpetua's (Naalsio26) per-battle geolocated loss spreadsheets, which are otherwise scattered across Google Sheets, and a complete daily NASA FIRMS archive for Ukraine. Repo LICENSE covers the code; source data retains its own terms.","The most convenient single repo for geolocated equipment losses by battle plus a pre-downloaded daily thermal-anomaly archive - both directly usable to place events on the map.","2026-08-19"
"MilitaryLand.net deployment and frontline maps","https://militaryland.net/maps/deployment-map/","Structured Dataset/API","Independent OSINT","Western","English","Point-geolocated incidents","Daily","Freemium","Interactive web maps (unit deployments, frontline) with no documented public API or export; underlying layers are not published as downloadable geodata","Website","https://militaryland.net/maps/deployment-map/","Verified 200; no JSON/GeoJSON endpoints found in the page source. Detailed order-of-battle mapping of Ukrainian and Russian units by sector, maintained daily; some content and map detail sit behind supporter tiers. Unit placements are OSINT inference, not confirmed positions.","The most granular free unit-deployment mapping for the Ukrainian front - valuable for attributing an event location to a sector and formation, though it must be read visually rather than ingested.","2026-08-19"
"Oryx - Attack On Europe: Documenting Russian Equipment Losses","https://www.oryxspioenkop.com/2022/02/attack-on-europe-documenting-equipment.html","Structured Dataset/API","Independent OSINT","Western","English","Narrative/no coordinates","Irregular","Free","No API: a single very large HTML page (23k+ anchor tags) of per-item links to image evidence; requires scraping or use of a third-party CSV mirror","Website","https://www.oryxspioenkop.com/2022/02/attack-on-europe-documenting-equipment.html","Verified 200. The de facto citation standard for visually confirmed attrition, but deliberately conservative (visual proof only) and NOT geolocated - entries carry no coordinates. Update cadence has become irregular. No explicit licence; attribution expected. Companion Ukrainian-losses page exists separately.","The benchmark visually-confirmed equipment-loss tally for both sides; valuable as a denominator for loss analytics, but it must be joined to WarSpotting/Naalsio data to obtain locations.","2026-08-19"
"scarnecchia/oryx_data (Oryx parsed to CSV)","https://github.com/scarnecchia/oryx_data","Structured Dataset/API","Volunteer Community","Western","English","Narrative/no coordinates","Archived","Free","CSV dumps: daily_count.csv, totals_by_system.csv, totals_by_type.csv, event_{destroyed,damaged,captured,abandoned}.csv via raw.githubusercontent.com","GitHub","https://raw.githubusercontent.com/scarnecchia/oryx_data/main/totals_by_system.csv","Verified 200 but last commit 2025-08-21 - effectively stale as of Aug 2026, so use for historical series only. MIT/CC licence in repo; underlying counts are Oryx's. No coordinates.","Tidy CSV time series of the Oryx tallies (daily counts, per-system totals, per-event status) - saves scraping the HTML, but frozen in Aug 2025.","2026-08-19"
"simonhuwiler/russo-ukrainian-data-ressources (catalogue of war data sources)","https://github.com/simonhuwiler/russo-ukrainian-data-ressources","Structured Dataset/API","Volunteer Community","Western","English","Mixed","Irregular","Free","Curated markdown catalogue in a Git repo, listing dataset URLs, formats and update cadence","GitHub","https://github.com/simonhuwiler/russo-ukrainian-data-ressources","Verified 200; last commit 2026-07-10, so reasonably current. Maintained by an NZZ data journalist. A meta-resource, not data itself - links do rot, so re-verify before ingesting anything from it.","A maintained index of Russo-Ukrainian war data sources with notes on formats and access - the fastest way to discover feeds not covered elsewhere in this catalogue.","2026-08-19"
"Carnegie Politika (Carnegie Endowment - Russia/Eurasia)","https://carnegieendowment.org/russia-eurasia/politika","Think Tank/Analysis","Think Tank/NGO","International/Neutral","English, Russian","Narrative/no coordinates","Multiple daily","Free","RSS","Website","https://carnegieendowment.org/rss/","Written substantially by exiled Russian analysts, so it is unusually good on Russian decision-making but deliberately does not do tactical mapping.","Explains the Russian political and military-industrial drivers behind offensive pushes. Context layer rather than a locator, but essential for interpreting why particular axes are prioritised.","2026-08-19"
"ETH Zurich Center for Security Studies (CSS Analyses)","https://css.ethz.ch/","Think Tank/Analysis","Academic","International/Neutral","English, German","Narrative/no coordinates","Monthly","Free","Scrapeable HTML","Website","","Swiss academic neutrality is a strength for balance but the publication cycle is far slower than the frontline.","Short analytical briefs on the war's military-technological dynamics; also runs the ISN resource collection useful for background sourcing.","2026-08-19"
"IISS - Strategic Comments and Military Balance Ukraine coverage","https://www.iiss.org/publications/strategic-comments","Think Tank/Analysis","Think Tank/NGO","International/Neutral","English","Oblast-level","Monthly","Freemium","Scrapeable HTML","Website","","Authoritative order-of-battle and force-strength data but much of the Military Balance is paywalled and its cadence is far slower than the frontline changes.","Provides the force-structure and attrition baseline (units, equipment holdings) that frontline assessments depend on, plus periodic operational commentary on Ukrainian and Russian offensives.","2026-08-19"
"CAST - Center for Analysis of Strategies and Technologies (Moscow)","http://cast.ru/","Think Tank/Analysis","Think Tank/NGO","Russian","Russian, English","Narrative/no coordinates","Irregular","Free","Scrapeable HTML","Website","","Moscow-based defence-industry-linked think tank operating under Russian wartime censorship; treat all claims as reflecting a Russian institutional line, though its arms-transfer data has historically been credible.","Russian-perspective analysis of the war, Russian defence production and equipment; valuable specifically as a counter-perspective input when cross-checking Western frontline claims.","2026-08-19"
"RIAC - Russian International Affairs Council","https://russiancouncil.ru/en/","Think Tank/Analysis","Think Tank/NGO","Russian","Russian, English","Narrative/no coordinates","Weekly","Free","RSS","Website","https://russiancouncil.ru/en/rss/","State-founded Russian body; content is constrained by Russian law on war reporting and functions partly as external messaging.","Russian institutional commentary on the war and its diplomacy. Use only as a perspective sample - it does not provide independently verifiable positional information.","2026-08-19"
"Centre for Defence Strategies (Ukraine) - Daily Brief","https://defence.org.ua/en/dailybrief-en/","Think Tank/Analysis","Think Tank/NGO","Ukrainian","English, Ukrainian","Settlement-level polygons","Daily","Free","Scrapeable HTML","Website","https://defence.org.ua/en/","Ukrainian think tank staffed by former defence officials; the operational section largely restates Ukrainian General Staff reporting, so Ukrainian framing should be assumed.","A daily English-language brief listing fighting by operational direction with named settlements, plus political and economic sections. One of the few structured Ukrainian daily texts.","2026-08-19"
"Come Back Alive Foundation - analytics","https://savelife.in.ua/en/","Think Tank/Analysis","Think Tank/NGO","Ukrainian","English, Ukrainian","Narrative/no coordinates","Irregular","Free","Scrapeable HTML","Website","","A fundraising foundation supplying Ukrainian forces, so its analytical output is advocacy-adjacent and not an independent assessment.","Publishes analytical explainers and situation digests on Ukrainian defence needs and frontline dynamics; context and equipment-attrition insight rather than positional data.","2026-08-19"
"National Institute for Strategic Studies (NISS, Ukraine)","https://niss.gov.ua/en","Think Tank/Analysis","Government","Ukrainian","Ukrainian, English","Narrative/no coordinates","Weekly","Free","Scrapeable HTML","Website","","Reports to the Ukrainian President's Office, so it is an official-perspective institution and should be read as Ukrainian state analysis.","Ukrainian state strategic research institute publishing assessments of the war's military and security dimensions; valuable as authoritative Ukrainian framing of frontline developments.","2026-08-19"
"Ukrainian Institute for the Future","https://uifuture.org/","Think Tank/Analysis","Think Tank/NGO","Ukrainian","Ukrainian, English","Narrative/no coordinates","Weekly","Free","Scrapeable HTML","Website","","Independent Ukrainian think tank with mixed private funding; military analysis is a secondary line of work alongside economics and much content is Ukrainian-only.","Ukrainian analytical commentary on the war including periodic military-political forecasts. Useful as domestic Ukrainian expert opinion on frontline trajectory.","2026-08-19"
"Atlantic Council - UkraineAlert","https://www.atlanticcouncil.org/blogs/ukrainealert/","Think Tank/Analysis","Think Tank/NGO","Western","English","Narrative/no coordinates","Multiple daily","Free","RSS","Website","https://www.atlanticcouncil.org/feed/","High volume, commentary-driven and openly pro-Ukraine advocacy; individual posts vary widely in analytic rigour and are not independently verified.","Fast-turnaround commentary on frontline and strike developments with frequent Ukrainian-authored pieces. Good for narrative and reaction, weak as a positional source.","2026-08-19"
"Black Bird Group (Finland)","https://www.blackbirdgroup.fi/","Think Tank/Analysis","Independent OSINT","Western","English, Finnish","Settlement-level polygons","Irregular","Free","Scrapeable HTML","Website","https://x.com/BlackBirdGroup1","Small Finnish analyst team (Kastehelmi et al.) that publishes its geolocation reasoning; cadence dropped to irregular long-form pieces and there is no RSS.","Situation updates and axis assessments on the Ukraine war built from geolocated footage and satellite imagery, notable for measured square-kilometre gain estimates and clear map graphics.","2026-08-19"
"CEPA (Center for European Policy Analysis)","https://cepa.org/","Think Tank/Analysis","Think Tank/NGO","Western","English","Narrative/no coordinates","Multiple daily","Free","RSS","Website","https://cepa.org/feed/","Transatlantic-advocacy think tank with government and defence-industry funding; commentary format, no independent verification.","High-frequency short analyses on Russia's war, drone and strike campaigns, and Ukrainian resilience. Interpretive layer around the frontline rather than a locator.","2026-08-19"
"Chatham House - Russia's war on Ukraine","https://www.chathamhouse.org/about-us/our-departments/russia-and-eurasia-programme/russias-war-ukraine","Think Tank/Analysis","Think Tank/NGO","Western","English","Narrative/no coordinates","Weekly","Free","Scrapeable HTML","Website","","Strong Ukraine Forum network of Ukrainian experts; output is strategic/policy rather than operational, and it does no independent geolocation.","Tracks the geopolitical and negotiation dimension of the war alongside periodic military assessments. Useful for interpreting frontline events politically, not for coordinates.","2026-08-19"
"CNA Russia Studies Program","https://www.cna.org/centers-and-divisions/cna/rsp/russia-studies","Think Tank/Analysis","Think Tank/NGO","Western","English","Narrative/no coordinates","Monthly","Free","Scrapeable HTML","Website","","US federally funded research centre; reports are rigorous and heavily sourced to Russian-language military literature but slow and rarely map-based.","Translates and analyses Russian military thinking and lessons-learned from Ukraine, including how UAV saturation shapes the character of the contact line.","2026-08-19"
"Critical Threats Project (AEI) - Russia-Ukraine crisis coverage","https://www.aei.org/russia-ukraine-crisis/","Think Tank/Analysis","Think Tank/NGO","Western","English","Settlement-level polygons","Daily","Free","Scrapeable HTML","Website","https://www.criticalthreats.org/","CTP co-authors the ROCA with ISW, so its Ukraine output largely duplicates ISW's; AEI's policy-advocacy orientation is openly hawkish.","AEI's co-publication hub for the daily ISW/CTP campaign assessments plus its own Iran/Russia interaction analysis. Duplicate of ISW text but a second, independently reachable mirror if ISW is down.","2026-08-19"
"CSIS - Ukraine programme and conflict monitoring","https://www.csis.org/regions/europe/ukraine","Think Tank/Analysis","Think Tank/NGO","Western","English","Mixed","Weekly","Free","RSS","Website","https://www.csis.org/rss.xml","US government-adjacent funding; strong on quantified rate-of-advance analysis (Jones/Futures Lab) but occasional data products lag and methodology annexes are sparse.","Publishes quantitative assessments of Russian monthly territorial gains in square kilometres per casualty, plus geospatial briefs, giving a numeric check on qualitative frontline narratives.","2026-08-19"
"DFRLab (Digital Forensic Research Lab)","https://dfrlab.org/","Think Tank/Analysis","Think Tank/NGO","Western","English","Point-geolocated incidents","Weekly","Free","RSS","Website","https://dfrlab.org/feed/","Publishes method sections and archives its evidence, but Atlantic Council funding gives it a Western policy orientation and it prioritises information-operations over kinetic mapping.","Combines OSINT verification with think-tank publishing: geolocates strike footage, satellite-verifies damage, and documents Russian information operations around frontline claims.","2026-08-19"
"ECFR - Ukraine coverage","https://ecfr.eu/topic/ukraine/","Think Tank/Analysis","Think Tank/NGO","Western","English","Narrative/no coordinates","Weekly","Free","RSS","Website","https://ecfr.eu/feed/","Pan-European advocacy think tank; commentary-driven, EU-policy focused, no independent verification.","Commentary and polling-based research on European support for Ukraine and negotiation scenarios that shape frontline expectations.","2026-08-19"
"FIIA - Finnish Institute of International Affairs","https://www.fiia.fi/en","Think Tank/Analysis","Think Tank/NGO","Western","Finnish, English","Narrative/no coordinates","Monthly","Free","RSS","Website","https://www.fiia.fi/en/feed","Parliament-funded Finnish institute; strong Russia expertise, low frequency, no tactical detail.","Briefing papers on Russian strategy and the war's trajectory, with Nordic-Baltic threat-perception framing.","2026-08-19"
"FOI - Swedish Defence Research Agency, Russia and Eurasia (RUFS)","https://www.foi.se/en/foi/research/security-policy/russia-and-eurasia.html","Think Tank/Analysis","Government","Western","English, Swedish","Narrative/no coordinates","Irregular","Free","Scrapeable HTML","Website","","Commissioned by the Swedish Ministry of Defence; methodologically explicit multi-year capability assessments but very low publication frequency and no operational tracking. Site was unreachable from some networks during checking.","Produces landmark reports on Russian military capability at war and force regeneration, providing the analytic baseline for judging whether Russia can sustain offensive pressure.","2026-08-19"
"FPRI - Eurasia Program (BEAR Network)","https://www.fpri.org/research/eurasia/","Think Tank/Analysis","Think Tank/NGO","Western","English","Narrative/no coordinates","Weekly","Free","RSS","Website","https://www.fpri.org/feed/","Hosts named military analysts (Kofman, Muzyka contributions) whose individual reliability is high; institutional output is irregular and essay-form.","Analytical essays on Russian and Ukrainian force generation, drone warfare and offensive potential, frequently the venue where leading frontline analysts publish long-form assessments.","2026-08-19"
"ICDS - International Centre for Defence and Security (Estonia)","https://icds.ee/en/","Think Tank/Analysis","Think Tank/NGO","Western","English, Estonian","Narrative/no coordinates","Weekly","Free","RSS","Website","https://icds.ee/en/feed/","Estonian defence-ministry-supported institute; frontline-region expertise is strong but output is commentary and it does not geolocate.","Baltic-perspective analyses of Russian operations, force posture and the implications of frontline changes for NATO's eastern flank.","2026-08-19"
"IFRI - French Institute of International Relations (Russia/Eurasia Center)","https://www.ifri.org/en","Think Tank/Analysis","Think Tank/NGO","Western","French, English","Narrative/no coordinates","Monthly","Free","RSS","Website","https://www.ifri.org/en/rss.xml","Independent French institute; its Russie.Nei.Visions series is well regarded but Ukraine military output is occasional and long-form.","Publishes detailed studies of Russian military adaptation and the war's operational lessons, including French-language analysis not available elsewhere.","2026-08-19"
"Institute for the Study of War - Russian Offensive Campaign Assessment (ROCA)","https://understandingwar.org/backgrounder/russian-offensive-campaign-assessment-august-18-2026/","Think Tank/Analysis","Think Tank/NGO","Western","English","Settlement-level polygons","Daily","Free","Scrapeable HTML only - NO RSS exists (verified: /feed/ and /?feed=rss2 return 200 but redirect to homepage with 0 items; /rss.xml 403; /publications/feed/ 404). Use the ArcGIS layers for machine-readable geometry.","Website","","Compiles geolocated social-media and Russian/Ukrainian MoD claims into an explicitly caveated assessed-control narrative; US-centric framing, historically cautious about confirming Russian advances, and each claim is labelled by confidence level.","The single most-cited daily text assessment of the Ukraine front, naming specific settlements where Russian or Ukrainian forces advanced in the past 24 hours. The narrative accompanies ISW's control-of-terrain maps and cites the underlying geolocated footage.","2026-08-19"
"ISW Russia and Ukraine campaign assessment archive","https://www.understandingwar.org/","Think Tank/Analysis","Think Tank/NGO","Western","English","Settlement-level polygons","Daily","Free","Scrapeable HTML only - NO RSS exists (verified: /feed/ and /?feed=rss2 return 200 but redirect to homepage with 0 items; /rss.xml 403; /publications/feed/ 404). Use the ArcGIS layers for machine-readable geometry.","Website","","Same methodology as the daily ROCA; the archive is complete back to Feb 2022 which makes it usable as a longitudinal corpus of assessed control changes.","Landing page and searchable archive for every ROCA plus supplemental products (Russian mobilization, Ukrainian deep strikes). Useful for backfilling a settlement-by-settlement timeline of frontline movement.","2026-08-19"
"Jamestown Foundation - Eurasia Daily Monitor","https://jamestown.org/programs/edm/","Think Tank/Analysis","Think Tank/NGO","Western","English","Narrative/no coordinates","Daily","Free","RSS","Website","https://jamestown.org/feed/","Long-running daily briefing relying heavily on Russian-language open sources; individual article sourcing quality varies and the editorial line is consistently anti-Kremlin.","Daily analytical articles on Russian military operations in Ukraine, often summarising Russian-language reporting on specific axes and units.","2026-08-19"
"Lawfare - Ukraine coverage","https://www.lawfaremedia.org/","Think Tank/Analysis","Media","Western","English","Narrative/no coordinates","Daily","Free","RSS","Website","https://www.lawfaremedia.org/feeds/articles","Legal and policy focus; military-operational content is secondary and it performs no independent geolocation.","Analysis of the legal, cyber and accountability dimensions of the war, including OSINT-evidence admissibility questions relevant to verifying frontline incidents.","2026-08-19"
"Modern War Institute at West Point","https://mwi.westpoint.edu/","Think Tank/Analysis","Academic","Western","English","Narrative/no coordinates","Weekly","Free","RSS","Website","https://mwi.westpoint.edu/feed/","US Army-affiliated, so framing is doctrinal and lessons-focused rather than current-intelligence; no verification function.","Practitioner-oriented articles on how the Ukraine frontline actually functions (drone kill webs, assault-group tactics, the transparent battlefield), explaining why the line is shaped as it is.","2026-08-19"
"NATO Strategic Communications Centre of Excellence (Riga)","https://stratcomcoe.org/","Think Tank/Analysis","Government","Western","English","Narrative/no coordinates","Monthly","Free","Scrapeable HTML","Website","","NATO-accredited but not NATO command; work is information-environment focused and does not assess ground control.","Studies of Russian information operations, Telegram ecosystems and social-media manipulation, directly relevant to judging the reliability of frontline claims circulating online.","2026-08-19"
"NUPI - Norwegian Institute of International Affairs","https://www.nupi.no/en","Think Tank/Analysis","Academic","Western","Norwegian, English","Narrative/no coordinates","Monthly","Free","Scrapeable HTML","Website","","Academic institute; Ukraine military content is limited relative to its Russia politics and Arctic work.","Research and podcasts on Russian military and political behaviour in the war, useful as northern-European analytic context.","2026-08-19"
"OSW - Centre for Eastern Studies (Poland)","https://www.osw.waw.pl/en/publikacje","Think Tank/Analysis","Government","Western","Polish, English","Settlement-level polygons","Daily","Free","RSS","Website","https://www.osw.waw.pl/en/rss.xml","Polish state research institute; the daily war analyses are concise, well sourced and explicitly dated by day-of-war, though framing is Polish-security-policy oriented.","Publishes a numbered daily 'day N of the war' analysis naming specific axes, settlements and strike targets - one of the most consistent non-ISW daily written frontline products.","2026-08-19"
"PISM - Polish Institute of International Affairs","https://www.pism.pl/","Think Tank/Analysis","Government","Western","Polish, English","Narrative/no coordinates","Weekly","Free","RSS","Website","https://www.pism.pl/rss","Polish MFA-affiliated; bulletins are short policy notes rather than operational assessments.","Regular bulletins on Russian military and political developments affecting the frontline and on Western support decisions.","2026-08-19"
"RAND Corporation - Ukraine research","https://www.rand.org/topics/ukraine.html","Think Tank/Analysis","Think Tank/NGO","Western","English","Narrative/no coordinates","Monthly","Free","RSS","Website","https://www.rand.org/topics/ukraine.xml","US federally funded; methodologically transparent but publishes on strategy and war termination rather than current frontline status.","Rigorous studies on attrition dynamics, war termination scenarios and force planning that frame long-run frontline stability or collapse.","2026-08-19"
"Rochan Consulting - Ukraine Conflict Monitor (Konrad Muzyka)","https://rochanconsulting.substack.com/","Think Tank/Analysis","Commercial","Western","English","Settlement-level polygons","Weekly","Freemium","RSS","Substack","https://rochanconsulting.substack.com/feed","Single-analyst product with repeated Ukraine field visits; explicitly separates confirmed from claimed advances but the detailed weekly report sits behind a paid tier.","Weekly axis-by-axis operational review of Russian and Ukrainian advances with maps, widely regarded as the most disciplined commercial frontline monitor. Company site: https://rochan-consulting.com/","2026-08-19"
"Royal Danish Defence College","https://www.fak.dk/en/","Think Tank/Analysis","Academic","Western","Danish, English","Narrative/no coordinates","Irregular","Free","Scrapeable HTML","Website","","Military-academic institution; Ukraine analysis appears as occasional briefs and much of the best material is Danish-language.","Publishes military-professional assessments of the Russo-Ukrainian war, including operational-art critiques of both sides' offensives.","2026-08-19"
"RUSI - Ukraine research","https://www.rusi.org/explore-our-research/regions-and-country-groups/ukraine","Think Tank/Analysis","Think Tank/NGO","Western","English","Narrative/no coordinates","Weekly","Free","RSS","Website","https://www.rusi.org/rss/latest-publications.xml","Draws on repeated in-country fieldwork and interviews with Ukrainian units (Watling/Reynolds), so tactical detail is strong but publication is episodic and locations are often deliberately generalised.","Deep tactical and operational studies of how both armies actually fight (drone-artillery kill chains, defensive belts), which explains why the line moves where it does rather than pinpointing it.","2026-08-19"
"Silverado Policy Accelerator","https://silverado.org/","Think Tank/Analysis","Think Tank/NGO","Western","English","Mixed","Irregular","Free","Scrapeable HTML","Website","","Small policy accelerator whose Ukraine work is project-based (sanctions, supply chains, geospatial pilots); cadence is unpredictable.","Occasional data-driven Ukraine projects including geospatial and economic-warfare analysis; useful for supply-line and logistics context behind frontline sustainment.","2026-08-19"
"SWP - German Institute for International and Security Affairs","https://www.swp-berlin.org/en/","Think Tank/Analysis","Think Tank/NGO","Western","German, English","Narrative/no coordinates","Weekly","Free","Scrapeable HTML","Website","","Funded by the German Chancellery; rigorous, peer-reviewed and slow, with no tactical mapping and a policy-advice framing.","Authoritative German assessments of the war's military and diplomatic course, including analyses of Russian force regeneration and European support capacity.","2026-08-19"
"War on the Rocks","https://warontherocks.com/","Think Tank/Analysis","Media","Western","English","Narrative/no coordinates","Multiple daily","Free","RSS","Website","https://warontherocks.com/feed/","Curated commentary platform; authors range from senior practitioners to academics with no uniform verification standard.","Frequent expert essays and podcasts on the Ukraine war's operational and strategic dynamics, including recurring assessments of offensive prospects.","2026-08-19"
"Wilson Center - Kennan Institute","https://www.wilsoncenter.org/program/kennan-institute","Think Tank/Analysis","Think Tank/NGO","Western","English","Narrative/no coordinates","Weekly","Free","Scrapeable HTML","Website","","Congressionally chartered, scholarly and regional-studies oriented; not a military-tracking source.","Regional expertise on Russia and Ukraine including occupied-territory governance, useful for interpreting events behind the line of contact.","2026-08-19"
"archive.today","https://archive.today/","Verification Tooling","Independent OSINT","International/Neutral","Multiple","N/A (tool)","Real-time","Free","None","Website","","Captures on-demand single-page snapshots including many pages the Wayback Machine cannot, but it is anonymously operated with no formal preservation guarantee and often demands CAPTCHAs.","On-demand snapshot service for preserving individual frontline claims, Telegram web previews and news pages at a specific moment.","2026-08-19"
"Bellingcat Auto Archiver","https://github.com/bellingcat/auto-archiver","Verification Tooling","Independent OSINT","International/Neutral","English","N/A (tool)","Irregular","Free","JSON API","GitHub","https://github.com/bellingcat/auto-archiver","Open-source and actively maintained; requires self-hosting and API credentials for some platforms, and Telegram/X changes periodically break extractors.","Automates archiving of Telegram, X and YouTube posts with hashes and metadata into spreadsheets - the standard way to preserve frontline footage before it is deleted.","2026-08-19"
"Bellingcat Online Investigation Toolkit","https://bellingcat.gitbook.io/toolkit","Verification Tooling","Independent OSINT","International/Neutral","English","N/A (tool)","Irregular","Free","Scrapeable HTML","GitHub","https://github.com/bellingcat/toolkit","Community-maintained and mostly current, but individual listed tools die without notice and entries are not systematically re-tested.","The canonical curated catalogue of verification tools, with a dedicated geolocation category covering reverse image search, satellite imagery, shadow analysis and map resources.","2026-08-19"
"Internet Archive Wayback Machine","https://web.archive.org/","Verification Tooling","Think Tank/NGO","International/Neutral","Multiple","N/A (tool)","Real-time","Free","JSON API","Website","https://archive.org/help/wayback_api.php","Free and API-accessible with excellent longevity, but captures are incomplete for dynamic pages and it does not capture Telegram media reliably.","Preserves and timestamps frontline claims, official statements and maps so that a later-edited or deleted source can still be cited and dated.","2026-08-19"
"OpenTopoMap","https://opentopomap.org/","Verification Tooling","Volunteer Community","International/Neutral","Multiple","Raw imagery/sensor data","N/A (tool)","Free","Scrapeable HTML","Website","","Rendered from OSM plus SRTM elevation; contour accuracy is limited by SRTM resolution and OSM completeness in Ukraine.","Free topographic rendering with contour lines and relief, used to match terrain shape, treelines and elevation cues visible in frontline video.","2026-08-19"
"OSINT Framework","https://osintframework.com/","Verification Tooling","Volunteer Community","International/Neutral","English","N/A (tool)","Irregular","Free","GitHub","Website","https://github.com/lockfale/OSINT-Framework","Broad tree-structured directory but noticeably stale in places, with dead links and no Ukraine-specific curation.","A general directory of OSINT tools including geolocation, imagery and social-media sections; useful as a breadth check against the more curated Bellingcat toolkit.","2026-08-19"
"Overpass Turbo (OpenStreetMap query engine)","https://overpass-turbo.eu/","Verification Tooling","Volunteer Community","International/Neutral","Multiple","Raw imagery/sensor data","N/A (tool)","Free","JSON API","Website","https://overpass-api.de/api/interpreter","Extremely powerful for feature-based search but entirely dependent on OSM completeness, which varies sharply across Ukrainian oblasts; heavy queries get rate-limited.","Lets you search Ukraine for structures matching features seen in footage (water towers, grain silos, level crossings, church types) and export candidate coordinates - the core needle-in-haystack geolocation tool.","2026-08-19"
"PeakVisor","https://peakvisor.com/","Verification Tooling","Commercial","International/Neutral","English","N/A (tool)","N/A (tool)","Freemium","None","Website","","Designed for mountains, so it is of limited use across Ukraine's steppe but valuable for horizon matching where relief exists.","Identifies terrain skylines and viewsheds from a candidate viewpoint, allowing horizon profiles in footage to be matched against a proposed location.","2026-08-19"
"SunCalc","https://www.suncalc.org/","Verification Tooling","Independent OSINT","International/Neutral","English, multiple","N/A (tool)","N/A (tool)","Free","None","Website","","Astronomically accurate but only as good as the shadow measurement fed into it; overcast footage and short shadows give wide error bands.","Computes sun azimuth and elevation for any coordinate and time, letting you chronolocate frontline footage from shadow direction and length, or confirm a candidate location's orientation.","2026-08-19"
"Telegago (Telegram search via Google CSE)","https://www.telegago.com/","Verification Tooling","Volunteer Community","International/Neutral","Multiple","N/A (tool)","Real-time","Free","None","Website","","A community-built Google custom search over t.me and related mirrors; it only reaches Google-indexed pages, so recent or low-traffic posts are frequently missed.","Free keyword search across public Telegram content, useful for finding all channels that posted a given frontline claim or settlement name.","2026-08-19"
"yt-dlp","https://github.com/yt-dlp/yt-dlp","Verification Tooling","Volunteer Community","International/Neutral","English","N/A (tool)","N/A (tool)","Free","None","GitHub","https://github.com/yt-dlp/yt-dlp","Actively maintained open source supporting Telegram, YouTube and X; extractors break when platforms change and some sources need cookies.","Downloads frontline videos at source quality with metadata so frames can be extracted for geolocation and the file hashed and archived before deletion.","2026-08-19"
"Telemetr","https://telemetr.com/","Verification Tooling","Commercial","Russian","Russian, English","N/A (tool)","Real-time","Freemium","JSON API","Website","","Telegram channel analytics and post search with a free tier; coverage of small or private channels is limited and the sibling domain telemetr.io was unreachable from some networks during checking.","Alternative Telegram archive and search platform for locating original posts of frontline footage, tracking channel reach, and preserving posts that are later deleted.","2026-08-19"
"Yandex Images reverse image search","https://yandex.com/images/","Verification Tooling","Commercial","Russian","Multiple","N/A (tool)","N/A (tool)","Free","None","Website","","Best-in-class for Eastern European and Russian-language visual matches, which is why the OSINT community relies on it; it is a Russian service, so operational-security caution applies and coverage varies unpredictably.","The single most effective reverse image search for matching frontline photos and video stills to prior imagery of the same location in Russia and Ukraine.","2026-08-19"
"Bing Visual Search","https://www.bing.com/images/discover","Verification Tooling","Commercial","Western","Multiple","N/A (tool)","N/A (tool)","Free","None","Website","","Useful as a third opinion because its index differs from Google's, but results are inconsistent for rural Ukrainian scenes.","A complementary reverse image search engine; running the same still through Yandex, Google and Bing materially raises the chance of a location match.","2026-08-19"
"FotoForensics","https://fotoforensics.com/","Verification Tooling","Commercial","Western","English","N/A (tool)","N/A (tool)","Free","None","Website","","Error-level analysis is easily misread and cannot prove manipulation on its own; uploads are public by default, which is a real operational-security issue.","Image forensics (ELA, metadata, thumbnail analysis) for testing whether a purported frontline photo has been edited before you invest in geolocating it.","2026-08-19"
"Google Earth Pro (desktop, historical imagery)","https://www.google.com/earth/about/versions/","Verification Tooling","Commercial","Western","Multiple","Raw imagery/sensor data","N/A (tool)","Free","None","Website","","Free desktop client with the historical-imagery slider and measurement tools; Ukrainian rural base imagery can be years old and update timing is opaque.","The workhorse for confirming geolocations against pre-war satellite imagery, measuring distances between landmarks, and comparing terrain across dates.","2026-08-19"
"Google Lens","https://lens.google.com/","Verification Tooling","Commercial","Western","Multiple","N/A (tool)","N/A (tool)","Free","None","Website","","Strong at object and text recognition (road signs, unit markings) but weaker than Yandex at exact-place matching in the post-Soviet space.","Reverse image and visual search used to identify landmarks, signage and vehicles in frontline footage as a first step in geolocation.","2026-08-19"
"InVID / WeVerify Verification Plugin","https://www.weverify.eu/verification-plugin/","Verification Tooling","Academic","Western","English","N/A (tool)","N/A (tool)","Free","None","Website","","EU-funded browser plugin bundling keyframe extraction, multi-engine reverse search, metadata and magnifier tools; project funding has ended so some services degrade over time.","One-stop browser toolkit for verifying frontline video: splits a clip into keyframes and pushes them to several reverse image engines at once, plus metadata and forensic filters.","2026-08-19"
"Mapillary","https://www.mapillary.com/","Verification Tooling","Commercial","Western","Multiple","Raw imagery/sensor data","N/A (tool)","Free w/ registration","JSON API","Website","","Crowdsourced street-level imagery with an API; Ukrainian coverage is patchy and mostly pre-2022, and Meta ownership means terms can change.","Provides pre-war ground-level imagery of Ukrainian roads and villages for matching buildings, fences and poles seen in frontline footage.","2026-08-19"
"Mapy.com (formerly Mapy.cz)","https://mapy.com/en/","Verification Tooling","Commercial","Western","Czech, English","Raw imagery/sensor data","N/A (tool)","Free","None","Website","","Its aerial and hiking layers are unusually detailed for Central and Eastern Europe; coverage quality drops the further east you go in Ukraine.","Alternative satellite and topographic basemap with different imagery vintages from Google, frequently decisive when a Google tile is too old or cloudy.","2026-08-19"
"Picarta.ai image geolocation","https://picarta.ai/","Verification Tooling","Commercial","Western","English","N/A (tool)","N/A (tool)","Freemium","JSON API","Website","","AI predictions are probabilistic and frequently wrong at village scale; must be treated as a hypothesis generator that still requires manual confirmation, and uploading sensitive imagery to a third party carries risk.","AI-based image geolocation that proposes candidate coordinates for a photo, useful for narrowing the search area before manual terrain matching.","2026-08-19"
"ShadeMap","https://shademap.app/","Verification Tooling","Commercial","Western","English","N/A (tool)","N/A (tool)","Freemium","None","Website","","Models terrain and building shadows globally from elevation data; building footprints in rural Ukraine are incomplete, limiting fine-grained matching.","Simulates shadows cast at a given place, date and time over real terrain - a strong cross-check when confirming a candidate geolocation from shadow patterns in video.","2026-08-19"
"TinEye","https://tineye.com/","Verification Tooling","Commercial","Western","English","N/A (tool)","N/A (tool)","Freemium","JSON API","Website","https://services.tineye.com/TinEyeAPI","Excellent at finding the earliest known appearance of an exact image but poor at near-duplicate or scene matching; API access is paid.","Establishes whether a purportedly new frontline image is actually recycled from an earlier date - the fastest check against chronologically false claims.","2026-08-19"
